04242017_BN_chip1_flake3_50x,17.8,9
04242017_BN_chip2_flake3_50x,19.8,9
04242017_BN_chip2_flake4_50x,19.3,9
04242017_BN_chip2_flake5_50x,3.1,9
04242017_BN_chip2_flake6_50x,9.4,9
04262017_chip5_flake1_50x,26.1,9
04262017_chip5_flake3_50x,10.1,9
04262017_chip6_flake1_50x,3.3,9
04262017_chip6_flake5_50x,13.6,9
04262017_chip6_flake6_50x,1.7,9
04292017_BN_1,24.8,12
04292017_BN_3_50x,17.4,12
05022018_chip1_flake1_100x,7.8,9
05022018_chip1_flake2_100x,15.8,9
05022018_chip1_flake3_100x,19.5,9
05022018_chip1_flake4_100x,15.3,9
05022018_chip1_flake5_100x,22.4,9
05022018_chip1_flake6_100x,20.6,9
05022018_chip2_flake1_50x,3.5,9
05022018_chip2_flake2_50x,0.7,9
05172017_chip1_flake1_100x,16.3,11
05172017_chip1_flake2_100x,25.5,11
05172017_chip1_flake3_100x,24.6,11
05172017_chip1_flake4_100x,1.0,11
05172017_chip2_flake1_100x,24.3,11
05172017_chip2_flake2_100x,26.1,11
05172017_chip2_flake3_100x,16.7,11
05192017_Dahlia_chip1_03_100x_using,19.5,11
05192017_Dahlia_chip1_04_100x_using,19.5,11
05192017_Dahlia_chip1_05_100x_DahliaStack2,23.6,11
05192017_Dahlia_chip2_01_100x_DahliaStack2,20.1,11
05192017_Dahlia_chip2_02_100x_forDahliaStack4,0.1,11
05192017_oldchip1_4_100x,15.6,11
05192017_oldchip1_5_100x,28.1,11
05192017_oldchip1_6_100x,27.5,11
05192017_oldchip1_7_100x,18.1,11
05192017_oldchip1_8_100x,16.7,11
05192017_oldchip1_9_100x,21.4,11
05192017_oldchip2_4_100x,0.3,11
05192017_oldchip2_5_100x,3.1,11
06052017_chip1_flake10_100x,3.1,11
06052017_chip1_flake11_100x,21.8,11
06052017_chip1_flake13_100x,23.8,11
06052017_chip1_flake14_100x,23.9,11
06052017_chip1_flake1_100x,10.1,11
06052017_chip1_flake2_100x,28.1,11
06052017_chip1_flake3_100x,1.8,11
06052017_chip1_flake5_100x,5.2,11
06052017_chip1_flake7_100x,9.8,11
06052017_chip1_flake8_100x,9.5,11
06052017_chip1_flake9_100x,5.1,11
06062017_chip2_flake13_100x,7.9,11
06062017_chip2_flake14_100x,26.0,11
06062017_chip2_flake15_100x,26.5,11
06062017_chip2_flake18_100x,27.3,11
06062017_chip2_flake19_100x,7.8,11
06062017_chip2_flake1_100x,3.7,11
06062017_chip2_flake20_100x,9.3,11
06062017_chip2_flake26_100x,14.4,11
06062017_chip2_flake27_100x,24.6,11
06062017_chip2_flake28_100x,10.5,11
06062017_chip2_flake29_100x,27.2,11
06062017_chip2_flake2_100x,3.7,11
06062017_chip2_flake32_100x,11.4,11
06062017_chip2_flake35_100x,14.7,11
06062017_chip2_flake38_100x,25.2,11
06062017_chip2_flake39_100x,15.5,11
06062017_chip2_flake3_100x,0.9,11
06062017_chip2_flake5_100x,9.5,11
06062017_chip2_flake7_100x,22.2,11
06062017_chip2_flake8_100x,25.8,11
06272018_bn_chip1_flake1_100x,2.7,9
06272018_bn_chip1_flake2_100x,28.6,9
06272018_bn_chip1_flake3_100x,26.4,9
06272018_bn_chip1_flake4_100x,2.0,9
06292017_chip1_flake2_100x,25.8,9
06292017_chip1_flake3_100x,10.1,9
06292017_chip1_flake4_100x,9.1,9
06292017_chip1_flake5_100x,11.7,9
06292017_chip1_flake6_100x,22.0,9
06292017_chip1_flake7_100x,6.1,9
06292017_chip1_flake8_100x,23.2,9
06292017_chip2_flake10_100x,16.4,9
06292017_chip2_flake11_100x,3.4,9
06292017_chip2_flake13_100x,6.8,9
06292017_chip2_flake1_100x,12.9,9
06292017_chip2_flake2_100x,4.2,9
06292017_chip2_flake3_100x,8.6,9
06292017_chip2_flake4_100x,12.4,9
06292017_chip2_flake5_100x,6.4,9
06292017_chip2_flake6_100x,24.5,9
06292017_chip2_flake7_100x,22.3,9
06292017_chip2_flake8_100x,27.7,9
06292017_chip2_flake9_100x,2.2,9
07012017_chip2_flake13_100x,4.2,9
07012017_chip2_flake17_100x,2.7,9
07012017_chip2_flake26_100x_used,15.0,9
07012017_chip2_flake4_100x,4.1,9
07012017_chip2_flake5_100x,26.4,9
09212017_chip3_flake7_100x_used,29.4,11
09212017_chip4_flake2_100x_used,8.0,11
09212017_chip4_flakea_100x,14.0,11
10112017_chip3_flake1_100x,27.6,11
10212017_chip3_flake1_100x,11.2,11
10212017_chip3_flake2_100x,19.9,11
10212017_chip3_flake3_100x,10.1,11
10212017_chip4_flake2_100x,25.9,11
12062017_lowerchip_flake2_100x,24.0,11
12132018_JPNBN_chip1_flake11_100x,10.5,11
12132018_JPNBN_chip1_flake12_100x,6.2,11
12132018_JPNBN_chip1_flake14_100x,0.7,11
12132018_JPNBN_chip1_flake15_100x,8.8,11
12132018_JPNBN_chip1_flake1_100x,13.6,11
12132018_JPNBN_chip1_flake3_100x,7.6,11
12132018_JPNBN_chip1_flake4_100x,7.4,11
12132018_JPNBN_chip1_flake5_100x,3.5,11
12132018_JPNBN_chip1_flake7_100x,12.6,11
12132018_JPNBN_chip1_flake8_100x,0.4,11
12132018_JPNBN_chip1_flake9_100x,14.6,11
12132018_JPNBN_chip2_1_flake1_100x,16.7,11
12132018_JPNBN_chip2_1_flake2_100x,23.5,11
12132018_JPNBN_chip2_1_flake3_100x,18.9,11
12132018_JPNBN_chip2_1_flake4_100x,12.3,11
12132018_JPNBN_chip2_1_flake5_100x,4.2,11
12132018_JPNBN_chip2_1_flake5_2_100x,26.9,11
12132018_JPNBN_chip2_2_flake6_100x,23.0,11
12132018_JPNBN_chip2_2_flake7_100x,8.6,11
12132018_JPNBN_chip2_2_flake8_100x,10.7,11
170519_BN_fromDave_chip1_01_100x_gone,28.0,11
170519_BN_fromDave_chip1_04_100x_Stack9,25.2,11
170519_BN_fromDave_chip1_05_100x_gone,10.7,11
170519_BN_fromDave_chip1_07_100x_gone,30.0,11
170519_BN_fromDave_chip1_08_100x_gone,27.5,11
170519_BN_fromDave_chip1_10_100x_gone,15.1,11
170519_BN_fromDave_chip1_11_100x_Stack11,3.9,11
170519_BN_fromDave_chip1_12_100x_gone,15.5,11
170519_BN_fromDave_chip1_13_100x_gone,9.9,11
170519_BN_fromDave_chip1_14_100x_gone,21.5,11
170519_BN_fromDave_chip2_01_100x_gone,0.2,11
170519_BN_fromDave_chip2_04_100x_gone,3.7,11
170519_BN_fromDave_chip2_06_100x_Stack12,0.9,11
170519_BN_fromDave_chip2_07_100x_Stack12,10.5,11
170528_BN_chip1_02_100x_gone,23.1,9
170528_BN_chip2_01_50x,21.7,9
170530_BN_03_100x_Stack13,16.2,11
170530_BN_04_100x,7.0,11
170608_BN_chip1_01_100x_toosmall,17.4,9
170608_BN_chip1_02_100x_gone,13.9,9
170608_BN_chip1_03_100x_Stack8,29.7,9
170608_BN_chip2_01_100x_Stack16,8.9,9
170608_BN_chip2_02_100x_gone,10.3,9
170608_BN_chip2_03_100x_Stack7,21.7,9
170608_BN_chip2_04_100x_Stack5,22.9,9
170621_BN_chip1_02_100x_Stack10,11.9,11
170621_BN_chip2_02_100x_Stack9,18.0,11
170806_BN_chip1_02_100x_gone,5.9,11
170806_BN_chip1_03_100x_Stack14,14.2,11
170806_BN_chip1_04_100x_Stack14,2.2,11
170806_BN_chip2_02_100x_Stack17,13.7,11
170806_BN_chip2_04_100x,1.8,11
170822_BN_chip1_02_100x_nogood,10.5,11
170822_BN_chip2_01_100x,21.7,11
170822_BN_chip2_03_100x,18.0,11
170822_BN_chip3_02_100x,17.8,11
170822_BN_chip4_01_100x,0.6,11
170822_BN_chip4_03_100x,3.3,11
170822_BN_chip5_01_100x,25.3,11
170822_BN_chip6_02_100x,6.4,11
170907_BN_chip1_02_100x_Stack16,27.1,11
170907_BN_chip2_01_100x_Stack17,0.7,11
170907_BN_chip2_02_100x_Stack19,11.6,11
170907_BN_chip3_01_100x,28.6,11
171004_BN_chip1_01_100x_toosmall,0.0,11
171004_BN_chip2_01_100x_gone,11.8,11
171004_BN_chip3_01_100x_Stack18,24.2,11
171206_BN_chip1_02_100x_Stack22,28.7,11
171215_BN_chip1_01_100x_Stack31,4.2,11
180102_BN_chip1_01_100x_Stack23,8.2,11
180102_BN_chip1_03_100x_Stack24,22.4,11
180102_BN_chip2_02_100x_Stack25,15.9,11
180102_BN_chip2_03_100x_Stack26,23.7,11
180102_BN_chip3_01_100x_Stack20,10.2,11
180321_BN_chip1_01_100x,15.2,11
180321_BN_chip2_01_100x_Stack29,16.7,11
180321_BN_chip3_01_100x_Stack30,7.5,11
180321_BN_chip4_01_100x_Stack32,7.8,11
180327_BN_chip2_01_100x_gone,29.5,11
180510_BN_chip1_01_100x_Stack33,14.3,11
180515_BN_chip1_01_100x_PC66,21.1,11
180515_BN_chip2_01_100x_Stack35,14.5,11
180527_BN_chip3_01_100x_Stack35,3.4,11
180527_BN_chip3_02_100x_Stack37,0.4,11
180527_BN_chip4_01_100x_Stack36,9.5,11
180608_BN_chip1_01_100x_Stack38,18.5,11
180614_BN_chip2_01_100x_Stack39,5.1,11
180614_BN_chip2_02_100x_Stack41,5.7,11
180707_BN_chip1_01_100x_Stack52,29.8,11
180707_BN_chip1_02_100x_Stack41,5.6,11
180710_BN_chip1_01_100x_PPCtest,20.9,11
180710_BN_chip1_02_100x_Stack43,6.5,11
180710_BN_chip1_03_100x_PPCtest,8.7,11
180710_DaveBN_chip1_01_100x_Stack45,28.9,11
180710_DaveBN_chip1_04_100x_PC70,1.3,11
180710_DaveBN_chip1_06_100x_DavePC,29.9,11
180710_DaveBN_chip1_07_100x_Stack63,3.5,11
180710_DaveBN_chip1_09_100x_Stack55,28.3,11
180710_DaveBN_chip1_10_100x_PC71,25.4,11
180710_DaveBN_chip1_11_100x_PC72,0.5,11
180710_DaveBN_chip2_01_100x_Stack44,25.3,11
180717_DaveBN_chip3_01_100x_Stack52,2.8,11
180717_DaveBN_chip3_02_100x_PC75,4.9,11
180717_DaveBN_chip3_03_100x_Stack47,3.1,11
180717_DaveBN_chip3_04_100x_Stack50,1.5,11
180717_DaveBN_chip3_05_100x_gone,5.2,11
180717_DaveBN_chip3_07_100x_Stack53,2.4,11
180717_DaveBN_chip3_08_100x_gone,11.5,11
180717_DaveBN_chip3_09_100x_gone,6.9,11
180717_DaveBN_chip3_10_100x,5.5,11
180717_DaveBN_chip4_03_100x_Stack46,24.0,11
180717_DaveBN_chip4_04_100x_Stack49,22.8,11
180717_DaveBN_chip4_05_100x_PC70,22.9,11
180717_DaveBN_chip4_06_100x_Stack48,24.3,11
180717_DaveBN_chip4_07_100x_PC69,26.5,11
180717_DaveBN_chip4_08_100x_gone,18.1,11
180717_DaveBN_chip5_01_100x_Stack50,6.7,11
180822_DaveBN_chip7_01_100x_Stack56,19.2,11
180822_DaveBN_chip7_02_100x_Stack59,2.3,11
180822_DaveBN_chip8_01_100x_Stack58,3.1,11
180822_DaveBN_chip8_02_100x_PC73,17.1,11
180822_DaveBN_chip8_05_100x_PC74,9.6,11
180905_DaveBN_chip1_01_100x_gone,13.2,11
180905_DaveBN_chip2_01_100x_Stack66,15.8,11
180905_DaveBN_chip2_02_100x_Stack61,16.4,11
180908_DaveBN_chip1_02_100x_PC76,12.3,11
180908_DaveBN_chip2_01_100x,26.4,11
180908_DaveBN_chip2_02_100x_Stack65,28.7,11
181010_DaveBN_chip7_01_100x_Stack70,16.8,11
181010_DaveBN_chip7_02_100x,5.2,11
181010_DaveBN_chip7_03_100x_Stack68,22.6,11
181010_DaveBN_chip7_04_100x_Stack67,5.6,11
181010_DaveBN_chip8_01_100x_Stack69,7.5,11
181010_DaveBN_chip8_02_100x_Stack68,15.7,11
181010_DaveBN_chip8_03_100x,6.2,11
181010_DaveBN_chip8_05_100x,11.6,11
190211_DaveBN_chip1_01_100x_Stack80,14.8,11
190211_DaveBN_chip1_02_100x_Stack79,2.3,11
190211_DaveBN_chip1_03_100x_gone,19.0,11
190211_DaveBN_chip1_04_100x_Stack85,19.8,11
190211_DaveBN_chip2_01_100x_Stack81,24.1,11
190211_DaveBN_chip3_01_100x_Stack 89,6.2,11
190211_DaveBN_chip3_02_100x_Stack82,20.6,11
190211_DaveBN_chip3_03_100x_Stack83,27.8,11
190211_DaveBN_chip3_04_50x,5.3,11
190318_DaveBN_chip1_02_100x_Stack86,24.6,11
190318_DaveBN_chip1_03_100x_wontpickup,23.0,11
190318_DaveBN_chip2_01_100x,11.5,11
190318_DaveBN_chip7_01_100x_Stack87,12.4,11
190326_BNmarkers_chip2_01_100x,11.8,11
190326_BNmarkers_chip3_01_100x_Stack88,12.2,11
190404_DaveBN_chip1_01_100x_Stack108,17.0,11
190404_DaveBN_chip1_02a_100x,19.9,11
190404_DaveBN_chip1_02_100x_Stack108,13.7,11
190404_DaveBN_chip1_03a_100x_Stack123,24.5,11
190404_DaveBN_chip1_03_100x_Stack110,23.8,11
190404_DaveBN_chip1_05a_100x_Stack92,17.7,11
190404_DaveBN_chip1_05_100x_gone,6.7,11
190404_DaveBN_chip1_06_100x_Stack91,22.2,11
190404_DaveBN_chip1_07a_100x_Stack123,2.4,11
190404_DaveBN_chip1_08a_100x_Stack93,2.7,11
190404_DaveBN_chip1_08_100x,27.6,11
190404_DaveBN_chip1_10_100x_Stack102,24.4,11
190404_DaveBN_chip1_11_50x,5.6,11
190404_DaveBN_chip2_01_100x_Stack103,27.1,11
190404_DaveBN_chip2_02_100x_Stack96,17.7,11
190404_DaveBN_chip2_04_100x_Stack99,14.9,11
190404_DaveBN_chip2_05_100x_Stack107,12.5,11
190404_DaveBN_chip2_06_100x_Stack105,28.3,11
190404_DaveBN_chip2_08_100x_Stack106,11.0,11
190404_DaveBN_chip2_08_50x,10.4,11
190404_DaveBN_chip3_01_100x_Stack101,19.7,11
190404_DaveBN_chip3_02_100x_Stack98,13.5,11
190404_DaveBN_chip3_03_100x_Stack100,27.0,11
190404_DaveBN_chip3_04_100x_Stack97,10.8,11
190404_DaveBN_chip3_05_100x_gone,24.1,11
190404_DaveBN_heart,23.4,11
190609_BN_chip1_01_100x_Stack109,17.1,11
190609_BN_chip2_01_50x,13.5,11
190609_BN_chip2_02_100x_wontpickup,29.7,11
190609_BN_chip2_03_50x,18.8,11
190609_BN_chip2_04_100x_Stack111,18.3,11
190609_BN_chip2_05_100x_Stack120,3.0,11
190609_BN_chip2_06_20x,9.2,11
190609_BN_chip3_01_100x_Stack110,17.5,11
190929_BN_1_chip2_01_100x_Stack136,3.6,11
190929_BN_1_chip2_02_100x_Stack135,24.8,11
190929_BN_1_chip3_01_100x_Stack138,10.3,11
190929_BN_1_chip3_02_50x,14.0,11
190929_BN_2_chip1_01_100x,7.9,11
190929_BN_2_chip1_02_100x_Stack137,0.3,11
190929_BN_2_chip2_01_100x,26.4,11
191009_BN_chip1_01_100x_Stack141,13.3,11
191009_BN_chip1_03_100x_dirty,12.4,11
191009_BN_chip1_04_100x_Stack153,3.6,11
191009_BN_chip1_05_100x_Stack142,8.2,11
191009_BN_chip1_07_50x,17.8,11
191009_BN_chip1_08_100x_Stack139,26.8,11
191009_BN_chip1_09_100x_Stack150,7.3,11
191009_BN_chip2_01_20x,16.1,11
191009_BN_chip2_02_100x_Stack144,19.9,11
191009_BN_chip2_03_100x_gone,17.0,11
191009_BN_chip3_01_100x_dirty,10.3,11
191009_BN_chip3_02_100x_Stack149,23.7,11
191009_BN_chip3_03_100x_Stack140,10.0,11
191009_BN_chip3_04_100x_Stack154,16.9,11
191009_BN_chip3_05_100x_Stack143,26.0,11
191029_Dave_BN_chip1_01_100x_Stack156,26.6,11
191029_Dave_BN_chip1_01_50x,26.7,11
191029_Dave_BN_chip2_01_100x_toothick,28.0,11
191208_BN_chip1_01_100x_dirty,3.1,9
191208_BN_chip1_02_100x_Stack160,22.4,9
191208_BN_chip2_01_100x_gone,15.5,9
191208_BN_chip3_01_100x_Stack174,27.6,9
191210_bottom_BN_flake2_50x,29.9,9
191210_bottom_BN_flake3_50x,14.7,9
191220_BN_chip1_01_100x_cracked,24.8,11
191220_BN_chip2_01_100x_Stack161,17.2,11
200114_BN_chip1_01_100x_toothick,13.7,9
200114_BN_chip1_02_100x_Stack167,26.2,9
200114_BN_chip2_01_100x_Stack164,27.7,9
200114_BN_chip3_01_100x_Stack165,0.7,11
200114_BN_chip3_02_100x_Stack163,18.3,11
200114_BN_chip4_01_100x_Stack166,1.1,11
200123_BN_chip1_01_100x_Stack176,17.9,9
200123_BN_chip1_02_100x_Stack168,26.9,9
200123_BN_chip1_03_100x_Stack175,29.2,9
200123_BN_chip2_02_100x_Stack169,19.9,9
200123_BN_chip2_03_100x_Stack175,26.5,9
200126_BN_chip1_01_100x_dirty,24.5,9
200126_BN_chip1_02_100x_Stack171,6.8,9
200126_BN_chip1_03_100x_dirty,17.6,9
200126_BN_chip1_04_100x_dirty,23.4,9
200126_BN_chip1_06_100x_dirty,28.9,9
200126_BN_chip2_01_100x_toosmall,9.4,9
200126_BN_chip3_01_100x_dirty,0.4,9
200126_BN_chip3_02_100x_dirty,11.7,9
200126_BN_chip3_03_100x,18.7,9
200126_BN_chip3_04_100x_dirty,12.4,9
200126_BN_chip4_01_100x_Stack177,27.1,9
200127_BN_chip1_01_100x,1.0,9
200127_BN_chip1_02_100x_Stack179,3.2,9
200127_BN_chip1_03_100x,21.8,9
200127_BN_chip1_04_100x_Stack165,16.3,9
200127_BN_chip2_01_100x_dirty,4.3,9
200127_BN_chip2_03_100x_toothick,12.4,9
200127_BN_chip2_04_100x_toothick,13.2,9
200127_BN_chip2_05_100x_toothick,1.1,9
200127_BN_chip3_01_100x,15.6,9
200127_BN_chip3_02_100x_Stack172,16.2,9
200127_BN_chip3_03_100x,17.8,9
200127_BN_chip3_04_100x,20.4,9
200127_BN_chip4_01_100x,22.9,9
200207_BN_chip2_01_100x_Stack180,5.2,9
200216_BN_chip1_01_100x_Stack188,2.6,9
200216_BN_chip1_02_100x_Stack181,19.5,9
200216_BN_chip2_01_100x_Stack182,15.5,9
200216_BN_chip3_02_100x_toothick,16.9,9
200218_BN_chip1_04_100x_Stack185,7.5,9
200218_BN_chip2_01_100x_Stack186,18.9,9
200218_BN_chip2_03_100x_Stack178,12.0,9
200218_BN_chip3_01_100x_Stack187,25.7,9
200218_BN_chip4_01_100x,4.7,9
200228_BN_chip1_01_100x_dirty,11.1,9
200228_BN_chip1_02_100x,0.2,9
200228_BN_chip2_01_100x_Stack189,25.4,9
200307_BN_chip1_01_100x,5.8,9
200307_BN_chip2_01_100x_Stack190,14.8,9
200307_BN_chip3_02_100x,18.9,9
200307_BN_chip4_01_100x,22.8,9
200307_BN_chip4_02_100x,13.6,9
200307_BN_chip5_01_100x,18.4,9
200307_BN_chip6_01_100x,24.3,9
200310_BN_BN_05,8.2,9
200310_BN_BN_09,7.2,9
200310_BN_BN_13,18.2,9
200731_BN_chip3_01_100x_BG01,13.6,9
200731_BN_chip4_02_50x,4.8,9
200731_BN_chip4_03_100x_gone,11.2,9
200802_BN_chip2_01_100x_gone,27.1,9
200803_BN_chip1_03_100x_gone,0.4,9
200803_BN_chip3_01_100x_gone,12.4,9
200803_BN_chip5_01_100x,16.1,9
200803_BN_chip6_01_100x_BG04,7.5,9
200806_BN_chip1_01_100x_BG08,1.9,9
200808_BN_chip1_01_100x_BG05,16.4,9
200808_BN_chip1_02_100x_BG06,24.8,9
200808_BN_chip3_01_100x,23.8,9
200808_BN_chip3_02_100x,23.3,9
200808_BN_chip5_01_100x_gone,14.3,9
200808_BN_chip6_01_100x,14.6,9
200808_BN_chip6_02_100x,26.2,9
200808_BN_chip6_03_100x,8.5,9
200808_BN_chip7_01_100x,13.4,9
200808_BN_chip7_02_100x,9.8,9
200811_BN_chip1_01_100x_toosmall,9.0,9
200811_BN_chip1_02_100x_dirty,3.1,9
200811_BN_chip2_01_100x_gone,12.7,9
200811_BN_chip2_02_50x_gone,23.3,9
200814_BN_chip1_01_100x_nogood,24.1,9
200814_BN_chip2_01_100x_nogood,11.0,9
200814_BN_chip2_02_100x_wontpickup110CpostHC,25.8,9
200814_BN_chip2_04_100x_BG11,28.7,9
200814_BN_chip3_02_50x_BG10,24.3,9
200814_BN_chip4_01_100x_nogood,5.0,9
200814_BN_chip5_01_100x_TBGStack8,3.0,9
200814_BN_chip6_01_100x_gone,24.6,9
200814_BN_chip7_01_100x_BG16,22.4,9
200819_BN_chip1_01_100x_TBGStack2,26.5,9
200825_BN_chip1_01_100x_BG17,15.4,9
200825_BN_chip2_01_50x,8.4,9
200825_BN_chip3_01_100x_TBGStack7,4.7,9
200825_BN_chip3_02_100x,28.3,9
200825_BN_chip4_01_50x,8.4,9
200825_BN_chip4_02_100x_nogood,7.1,9
200825_BN_chip5_01_100x_BG13,29.6,9
200825_BN_chip6_01_100x_nogood,5.8,9
200825_BN_chip6_02_100x_nogood,8.0,9
200825_BN_chip8_01_100x_nogood,21.1,9
200927_BN_chip1_01_100x_BG15,20.9,9
200927_BN_chip1_02_100x_BG19,3.2,9
200927_BN_chip3_01_100x_BG14,1.8,9
200929_BN_chip1_01_100x,21.3,9
200929_BN_chip1_03_100x,12.6,9
200929_BN_chip1_04_100x,21.7,9
200929_BN_chip1_05_100x_BG18,6.3,9
200929_BN_chip1_06_100x,5.2,9
200929_BN_chip2_01_50x_TBGStack10,28.6,9
200929_BN_chip2_02_50x,11.9,9
200929_BN_chip3_01_100x_wontpickup110CpostHC,21.9,9
200929_BN_chip3_02_100x_BG20,25.6,9
200929_BN_chip4_01_100x,6.7,9
201001_BN_chip1_01_100x_dirty,27.7,9
201001_BN_chip1_02_50x_TBGStack9,18.6,9
201001_BN_chip2_01_50x_BG21,20.2,9
201001_BN_chip3_01_50x_gone,20.2,9
201112_BN_chip1_01_50x_TBGStack16,18.1,9
201112_BN_chip1_02_50x_TBGStack17,22.4,9
201112_BN_chip2_01_50x_TBGStack15,23.1,9
201112_BN_chip3_01_50x_TBGStack13,14.9,9
201114_BN_chip2_01_50x,0.5,9
201114_BN_chip2_03_50x_gone,17.3,9
201214_BN_chip1_01_50x,19.7,9
201214_BN_chip4_01_20x_postHC,5.9,9
201214_BN_chip4_01_50x,5.4,9
201215_BN_chip1_01_50x,5.4,9
201215_BN_chip2_01_50x,14.8,9
201215_BN_chip3_01_50x,22.4,9
201219_BN_chip1_01_100x,12.0,9
201219_BN_chip2_01_50x,8.3,9
201219_BN_chip2_02_50x,24.3,9
201219_BN_chip3_01_50x,0.7,9
201219_BN_chip4_01_50x_TBGStack18,12.8,9
201228_BN_chip1_01_50x_TBGStack22,11.9,9
201228_BN_chip1_02_50x_BG24,27.5,9
201228_BN_chip1_03_50x,3.3,9
201228_BN_chip2_01_50x,26.4,9
201228_BN_chip3_01_50x,18.7,9
201228_BN_chip4_01_50x,28.5,9
210106_BN_chip4_01_50x,16.3,9
210106_BN_chip4_02_50x_BG27,19.1,9
210114_BN_chip1_01_50x_TBGStack19,18.2,9
210114_BN_chip2_01_50x_BG28,4.6,9
210114_BN_chip2_02_50x_TBGStack20,16.5,9
210114_BN_chip3_01_50x_TBGStack22,2.6,9
210114_BN_chip3_02_50x_TBGStack21,24.2,9
210222_BN_chip1_02_50x,1.8,9
210222_BN_chip1_03_50x,11.0,9
210222_BN_chip2_01_50x,21.4,9
210222_BN_chip3_01_50x,17.6,9
210222_BN_chip4_01_50x,23.8,9
210222_BN_chip4_02_50x,24.4,9
210222_BN_chip4_03_50x,0.2,9
210222_BN_chip5_01_50x,21.5,9
210222_BN_chip6_01_50x,14.2,9
210222_BN_chip6_02_50x,25.2,9
7262018_chip2_flake2_50x,11.5,9
BNs_chip5_flake10_100x_BF,14.2,11
BNs_chip5_flake11_100x,1.2,11
BNs_chip5_flake13_100x,14.9,11
BNs_chip5_flake16_100x_BF,10.4,11
BNs_chip5_flake17_100x,19.0,11
BNs_chip5_flake18_100x,17.3,11
BNs_chip5_flake19_100x,20.4,11
BNs_chip5_flake1_100x_BF,1.6,11
BNs_chip5_flake20_100x_BF,1.7,11
BNs_chip5_flake2_100x,2.8,11
BNs_chip5_flake3_100x_BF,5.2,11
BNs_chip5_flake4_100x,14.8,11
BNs_chip5_flake5_100x,16.9,11
BNs_chip5_flake6_100x,14.6,11
BNs_chip5_flake7_100x,11.8,11
BNs_chip5_flake8_100x,11.6,11
BNs_chip5_flake9_100x,15.8,11
chip2_flake10_100x,27.5,9
chip2_flake11_100x,27.7,9
chip2_flake12_100x,28.6,9
chip2_flake14_100x,26.8,9
chip2_flake16_100x,24.4,9
chip2_flake19_100x,24.0,9
chip2_flake1_100x,21.9,9
chip2_flake20_100x,24.3,9
chip2_flake21_100x,23.3,9
chip2_flake22_100x,3.5,9
chip2_flake23_100x,29.4,9
chip2_flake25_100x,24.2,9
chip2_flake2_100x,3.8,9
chip2_flake6_100x,1.8,9
chip2_flake7_100x,26.3,9
chip2_flake8_100x,28.2,9
chip2_flake9_100x,4.0,9
Dani_hbn1_20201104_002,23.3,9
Dani_hbn1_20201104_008,20.4,9
Dani_hbn1_20201104_018,22.6,9
Dani_hbn1_20201104_023,15.7,9
Dani_hbn1_20201104_027,3.7,9
Dani_hbn1_20201104_031,23.8,9
Dani_hbn1_20201104_035,29.9,9
Dani_hbn1_20201104_048,22.4,9
Dani_hbn1_20201104_053,8.5,9
Dani_hbn1_20201104_057,17.8,9
Dani_hbn1_20201104_061,8.4,9
Dani_hbn1_20201105_002,3.3,9
Dani_hbn1_20201105_004,14.0,9
Dani_hbn1_20201105_006,10.7,9
Dani_hbn1_20201105_012,21.8,9
Dani_Hbn1_20201106__042,2.4,9
Dani_Hbn1_20201106__044,1.8,9
Dani_Hbn1_20201106__046,1.1,9
Dani_Hbn1_20201106__048,28.9,9
Dani_Hbn1_20201107__035,28.6,9
Dani_Hbn1_20201107__041,21.9,9
Dani_Hbn1_20201107__043,23.6,9
Dani_Hbn1_20201107__055,21.5,9
Dani_hbn1_20201202__002,1.2,9
Dani_hbn1_20201202__006,9.9,9
Dani_hbn1_20201202__012,11.0,9
Dani_hbn1_20201202__016,2.8,9
Dani_hbn1_20201202__022,26.1,9
Dani_hbn1_20201202__028,26.4,9
Dani_hbn1_20201202__032,17.5,9
Dani_hbn1_20201202__048,23.2,9
Dani_hbn1_20201202__053,1.6,9
Dani_hbn1_20201203_cont_031,17.1,9
Dani_hbn1_20201203_cont_039,17.1,9
Dani_hbn1_20201203_cont_043,26.0,9
Dani_hbn1_20201203__002,9.4,9
Dani_hbn1_20201203__012,0.7,9
Dani_hbn1_20201203__014,29.2,9
Dani_hbn1_20201209_006,21.2,9
Dani_hbn1_20201209__012,23.7,9
Dani_hbn1_20201209__018,29.8,9
Dani_hbn1_20201209__021,0.4,9
Dani_hbn1_20201209__030,1.0,9
Dani_hbn1_20201209__038,9.1,9
Dani_hbn1_20201209__042,11.9,9
Dani_hbn1_20201209__046,17.5,9
Dani_hbn1_20201209__050,14.4,9
Dani_hbn1_20201209__054,16.7,9
Dani_hbn1_20201209__062,16.3,9
Dani_hbn1_20201209__066,4.3,9
Dani_hbn1_20201209__075,21.8,9
Dani_hbn1_20201209__080,11.7,9
Dani_hbn1_20201209__086,27.0,9
Dani_hbn1_20210522_11,28.2,9
Dani_hbn1_20210522_13,17.6,9
Dani_hbn1_20210522_18,1.7,9
Dani_hbn1_20210522_22,28.4,9
Dani_hbn1_20210522_26,5.6,9
Dani_hbn1_20210522_28,10.2,9
Dani_hbn1_20210522_32,2.8,9
Dani_hbn1_20210522_again_082,9.1,9
Dani_hbn1_20210523_cont_032,17.5,9
Dani_hbn1_20210523__086,11.4,9
Dani_hbn1_20210523__090,22.5,9
Dani_hbn1_20210523__092,24.7,9
Dani_hbn1_20210523__096,12.2,9
Dani_hbn2_20201104_067,11.0,9
Dani_hbn2_20201104_072,16.5,9
Dani_hbn2_20201104_077,1.6,9
Dani_hbn2_20201104_081,30.0,9
Dani_hbn2_20201104_086,24.3,9
Dani_hbn2_20201104_091,4.1,9
Dani_hbn2_20201104_093,14.4,9
Dani_hbn2_20201104_cont__107,27.0,9
Dani_hbn2_20201104_cont__112,26.9,9
Dani_hbn2_20201104_cont__114,15.5,9
Dani_hbn2_20201104_cont__116,25.5,9
Dani_hbn2_20201105_017,15.2,9
Dani_hbn2_20201105_019,29.5,9
Dani_Hbn2_20201105_postsecondanneal_052,19.2,9
Dani_Hbn2_20201105_postsecondanneal_054,25.2,9
Dani_Hbn2_20201105_postsecondanneal_056,8.3,9
Dani_Hbn2_20201106__063,8.6,9
Dani_Hbn2_20201106__067,15.2,9
Dani_Hbn2_20201106__071,17.9,9
Dani_Hbn2_20201106__073,19.5,9
Dani_Hbn2_20201107__060,3.5,9
Dani_Hbn2_20201107__064,18.3,9
Dani_Hbn2_20201107__066,26.2,9
Dani_hbn2_20201202__060,14.4,9
Dani_hbn2_20201202__064,22.5,9
Dani_hbn2_20201202__071,22.0,9
Dani_hbn2_20201202__083,8.0,9
Dani_hbn2_20201202__085,28.4,9
Dani_hbn2_20201202__089,0.3,9
Dani_hbn2_20201202__094,2.1,9
Dani_hbn2_20201203__050,22.1,9
Dani_hbn2_20201203__054,22.8,9
Dani_hbn2_20201203__060,26.4,9
Dani_hbn2_20201203__062,10.9,9
Dani_hbn2_20201203__064,6.1,9
Dani_hbn2_20201203__070,14.8,9
Dani_hbn2_20201203__072,23.1,9
Dani_hbn2_20201209__002,8.2,9
Dani_hbn2_20201209__008,15.0,9
Dani_hbn2_20201209__012,19.2,9
Dani_hbn2_20201209__016,24.5,9
Dani_hbn2_20201209__018,2.7,9
Dani_hbn2_20201209__020,22.4,9
Dani_hbn2_20201209__024,10.2,9
Dani_hbn2_20201209__030,16.0,9
Dani_hbn2_20201210__031,1.6,9
Dani_hbn2_20201210__039,12.0,9
Dani_hbn2_20201210__043,20.2,9
Dani_hbn2_20201210__046,13.8,9
Dani_hbn2_20201210__050,16.4,9
Dani_hbn2_20201210__052,13.2,9
Dani_hbn2_20201210__057,6.0,9
Dani_hbn2_20201210__061,9.9,9
Dani_hbn2_20201210__065,22.5,9
Dani_hbn2_20210522__039,15.1,9
Dani_hbn2_20210522__050,0.8,9
Dani_hbn2_20210522__056,1.0,9
Dani_hbn2_20210522__060,16.5,9
Dani_hbn2_20210522__064,20.9,9
Dani_hbn2_20210522__066,28.9,9
Dani_hbn2_20210523__042,3.2,9
Dani_hbn2_20210523__050,21.2,9
Dani_hbn3_20201104_04,13.3,9
Dani_Hbn3_20201106__004,20.0,9
Dani_Hbn3_20201106__008,9.7,9
Dani_Hbn3_20201106__012,15.2,9
Dani_Hbn3_20201106__016,21.1,9
Dani_Hbn3_20201106__018,19.2,9
Dani_Hbn3_20201106__022,15.7,9
Dani_Hbn3_20201106__030,7.8,9
Dani_Hbn3_20201107__071,27.8,9
Dani_Hbn3_20201107__073,11.8,9
Dani_Hbn3_20201107__077,29.5,9
Dani_hbn3_20201202__103,18.3,9
Dani_hbn3_20201202__111,16.8,9
Dani_hbn3_20201202__115,7.4,9
Dani_hbn3_20201202__119,28.5,9
Dani_hbn3_20201202__123,28.8,9
Dani_hbn3_20201202__127,21.6,9
Dani_hbn3_20201202__135,24.7,9
Dani_hbn3_20201203__077,22.1,9
Dani_hbn3_20201203__092,14.2,9
Dani_hbn3_20201203__096,19.3,9
Dani_hbn3_20201203__098,17.6,9
Dani_hbn3_20201209__004,2.0,9
Dani_hbn3_20201209__010,6.7,9
Dani_hbn3_20201209__024,9.3,9
Dani_hbn3_20201209__030,24.2,9
Dani_hbn3_20201209__041,26.7,9
Dani_hbn3_20201209__043,5.3,9
Dani_hbn3_20201209__045,11.9,9
Dani_hbn3_20201209__047,0.1,9
Dani_hbn3_20201209__051,21.5,9
Dani_hbn3_20201209__058,6.9,9
Dani_hbn3_20201209__064,19.5,9
Dani_hbn3_20201209__070,23.1,9
Dani_hbn3_20201210__074,14.3,9
Dani_hbn3_20201210__078,25.3,9
Dani_hbn3_20201210__082,1.6,9
Dani_hbn3_20201210__091,14.3,9
Dani_hbn3_20201210__095,7.8,9
Dani_hbn3_20201210__100,18.4,9
Dani_hbn3_20201210__104,19.1,9
Dani_hbn3_20201210__108,16.1,9
Dani_hbn3_20201210__114,10.7,9
Dani_hbn3_20210522__069,22.8,9
Dani_hbn3_20210523_cont_126,25.3,9
Dani_hbn3_20210523_cont_134,8.9,9
Dani_hbn3_20210523_cont_140,23.2,9
Dani_hbn3_20210523_cont_142,22.7,9
Dani_hbn3_20210523_cont_156,11.9,9
Dani_hbn3_20210523_cont_158,1.6,9
Dani_hbn3_20210523_cont_160,26.2,9
Dani_hbn3_20210523_cont_164,16.3,9
Dani_hbn3_20210523_cont_174,25.7,9
Dani_hbn3_20210523_cont_178,6.6,9
Dani_hbn3_20210523_cont_180,18.6,9
Dani_hbn3_20210523_cont_186,21.4,9
Dani_hbn3_20210523_cont_190,24.4,9
Dani_hbn3_20210523_cont_194,12.9,9
Dani_hbn3_20210523__064,10.1,9
Dani_hbn3_20210523__068,21.0,9
Dani_hbn3_20210523__074,29.5,9
Dani_hbn3_20210523__076,26.5,9
Dani_hbn3_20210523__078,2.3,9
Dani_hbn4_20201209__002,21.6,9
Dani_hbn4_20201209__006,24.3,9
Dani_hbn4_20201209__015,19.6,9
Dani_hbn4_20201209__021,24.8,9
Dani_hbn4_20201209__027,11.7,9
Dani_hbn4_20201209__035,0.6,9
Dani_hbn4_20201210__117,2.6,9
Dani_hbn4_20201210__123,16.3,9
Dani_hbn4_20201210__131,13.5,9
Dani_hbn4_20201210__139,15.7,9
Dani_hbn_20201210_chip1_007,15.6,9
Dani_hbn_20201210_chip1_009,21.3,9
Dani_hbn_20201210_chip1_015,13.7,9
Dani_hbn_20201210_chip1_019,22.0,9
Dani_hbn_20201210_chip1_023,10.1,9
Dani_hbn_20201210_chip1_025,25.8,9
Dani_hbn_20201210_chip1_027,28.6,9
Dani_hbn_20201210_chip1_031,29.3,9
Dani_hbn_20201210_chip1_035,3.8,9
Dani_hbn_20201210_chip1_039,1.3,9
Dani_hbn_20201210_chip1_041,10.6,9
Dani_hbn_20201210_chip1_cont_056,19.7,9
Dani_hbn_20201210_chip1_cont_064,3.9,9
Dani_hbn_20210308_chip1__043,19.7,9
Dani_hbn_20210308_chip1__045,27.4,9
Dani_hbn_20210308_chip1__049,29.5,9
Dani_hbn_20210308_chip1__051,2.9,9
Dani_hbn_20210308_chip1__057,27.3,9
Dani_hbn_20210308_chip2__062,14.1,9
Dani_hbn_20210308_chip2__066,8.8,9
Dani_hbn_20210308_chip2__072,23.0,9
Dave_chip4_flake15_100x,5.1,11
Dave_chip4_flake16_100x,1.5,11
Dave_chip4_flake1_100x,24.4,11
Dave_chip4_flake2_100x,0.8,11
Dave_chip4_flake4_100x,26.4,11
Dave_chip4_flake5_100x,27.2,11
Dave_chip4_flake7_100x,29.7,11
Dave_chip5_flakeu_100x,11.4,9
Dave_ebeam_chip1_100x,3.1,11
Dave_ebeam_chip1_flake2_100x,21.3,11
Dave_ebeam_chip1_flake4_100x,10.7,11
Dave_ebeam_chip2_flake1_100x,13.5,11
Dave_ebeam_chip3_flake1_100x,18.7,11
Final_chip1_flake2_100x,22.6,11
Final_chip1_flake5_100x,23.4,11
Final_chip2_flake1_100x,1.3,11
Final_chip2_flake2_100x,8.7,11
Final_chip2_flake5_100x,29.8,11
Final_chip2_flake6_100x,4.1,11
Isabelle_1_7bf_100x,20.2,9
Isabelle_2_2bf_100x,12.6,9
Isabelle_2_5bf_100x,15.6,9
Isabelle_3_SNAP_162709_0001_bf_100x,19.1,9
Isabelle_4_SNAP_165233_0026_bf_100x,25.6,9
Isabelle_5_SNAP_171802_0037_bf_100x,26.4,9
Jane_0208BNchip7_04,21.1,9
Jane_0912hBN_012,11.8,9
Jane_0912hBN_015,20.3,9
Jane_1127BN_40,29.8,9
Jane_1127BN_47,26.5,9
Jane_1127BN_52,14.6,9
Jane_20190911hBN_01,8.6,9
Jane_20190911hBN_03,29.1,9
Jane_20190911hBN_24,19.8,9
Jane_20190911hBN_26,19.8,9
Jane_20190911hBN_29,13.8,9
Jane_20190911hBN_42,1.0,9
Jane_20190911hBN_48,17.4,9
Jane_20200109BN_001,15.6,9
Jane_20200109BN_010,11.2,9
Jane_20200109BN_013,10.3,9
Jane_20200109BN_016,3.2,9
Jane_20200109BN_019,4.4,9
Jane_20200109BN_021,28.9,9
Jane_20200109BN_023,24.9,9
Jane_20200109BN_029,11.0,9
Jane_20200109BN_031,9.8,9
Jane_20200109BN_035,1.9,9
Jane_20200109BN_044,29.1,9
Jane_20200109hBNchip_01,19.3,9
Jane_20200109hBNchip_07,4.1,9
Jane_20200109hBN_02,1.3,9
Jane_20200109hBN_11,15.5,9
Jane_20200109hBN_14,29.7,9
Jane_20200109hBN_17,8.2,9
Jane_20200109hBN_20,21.7,9
Jane_20200109hBN_23,7.9,9
Jane_20200109hBN_25,25.6,9
Jane_20200109hBN_28,15.7,9
Jane_20200109hBN_30,11.3,9
Jane_20200109hBN_31,2.1,9
Jane_20200109hBN_39,24.7,9
Jane_20200109hBN_41,11.8,9
Jane_20200109hBN_44,24.1,9
Jane_20200109hBN_50,15.6,9
Jane_20200109hBN_52,17.0,9
Jane_20200109hBN_55,9.8,9
Jane_20200109hBN_57,21.0,9
Jane_20200118BN_07,2.0,9
Jane_20200118BN_12,14.9,9
Jane_20200118BN_24,2.4,9
Jane_20200118_BN__07,16.3,9
Jane_20200118_BN__10,12.8,9
Jane_20200118_BN__18,11.5,9
Jane_20200118_BN__23,26.7,9
Jane_20200118_BN__26,12.5,9
Jane_20200118_BN__30,7.4,9
Jane_20200118_BN__33,29.1,9
Jane_20200118_BN__36,14.7,9
Jane_20200122BNs_22,9.8,9
Jane_20200122BNs_24,17.5,9
Jane_20200122BNs_26,10.3,9
Jane_20200122BNs_29,7.3,9
Jane_20200122hBN__01,25.4,9
Jane_20200122hBN__04,3.0,9
Jane_20200122hBN__06,28.3,9
Jane_20200122hBN__08,8.0,9
Jane_20200122hBN__12,19.6,9
Jane_20200122hBN__16,27.0,9
Jane_20200122hBN__21,13.6,9
Jane_20200122hBN__29,23.2,9
Jane_20200122hBN__33,16.6,9
Jane_20200122hBN__37,14.9,9
Jane_20200122hBN__41,20.1,9
Jane_20200122hBN__44,18.3,9
Jane_20200122hBN__48,1.2,9
Jane_20200122hBN__54,27.5,9
Jane_20200122hBN__55,4.0,9
Jane_20200122hBN__64,5.2,9
Jane_20200122hBN__66,0.4,9
Jane_20200122hBN__67,8.7,9
Jane_20200122hBN__68,23.0,9
Jane_20200208hBNc_11,29.3,9
Jane_20200208hBN_01,16.2,9
Jane_20200208hBN_03,6.2,9
Jane_20200208hBN_06,21.7,9
Jane_20200208hBN_20,27.4,9
Jane_20200208hBN_24,15.2,9
Jane_20200208hBN_27,29.1,9
Jane_20200208hBN_29,22.4,9
Jane_20200208hBN_32,9.8,9
Jane_20200208hBN_34,18.4,9
Jane_20200208hBN_40,20.8,9
Jane_20200208hBN_45,0.7,9
Jane_20200208hBN_48,5.7,9
Jane_20200208_BN_chip7_011,8.5,9
Jane_20200208_BN_chip7_014,26.6,9
Jane_20200208_BN_chip7_018,21.9,9
Jane_20200208_BN_chip7_022,1.1,9
Jane_20200929BN_BN1_0929_972_974__04,11.4,9
Jane_20200929BN_BN1_0929_972_974__11,27.1,9
Jane_20200929BN_BN1_0929_972_974__13,7.3,9
Jane_20200929BN_BN1_0929_972_974__19,1.6,9
Jane_20200929BN_BN1_0929_972_974__24,4.4,9
Jane_20200929BN_BN1_0929_972_974__27,2.5,9
Jane_20200929BN_BN1_0929_972_974__29,10.5,9
Jane_20200929BN_BN1_0929_972_974__43,21.6,9
Jane_20200929BN_BN1_0929_972_974__46,4.7,9
Jane_20200929BN_BN1_0929_972_974__51,1.5,9
Jane_20200929BN_BN1_0929_972_974__56,5.4,9
Jane_20200929BN_BN1_0929_972_974__58,5.6,9
Jane_20200929BN_BN1_0929_972_974__65,13.4,9
Jane_20200929BN_BN1_0929_972_974__68,8.0,9
Jane_20200929BN_bn2,12.8,9
Jane_20200929BN_BN_09292020_975_02,10.7,9
Jane_20200929BN_BN_09292020_975_06,1.9,9
Jane_20200929BN_BN_09292020_975_07,5.5,9
Jane_20200929BN_BN_09292020_975_11,13.8,9
Jane_20200929BN_BN_09292020_975_14,20.2,9
Jane_20200929BN_BN_09292020_975_19,13.2,9
Jane_20200929BN_BN_09292020_983_100,25.9,9
Jane_20200929BN_BN_09292020_983_105,2.5,9
Jane_20200929BN_BN_09292020_983_108,1.0,9
Jane_20200929BN_BN_09292020_983_112,27.5,9
Jane_20200929BN_BN_09292020_983_113,15.5,9
Jane_20200929BN_BN_09292020_983_116,11.5,9
Jane_20200929BN_BN_09292020_983_23,21.4,9
Jane_20200929BN_BN_09292020_983_30,14.9,9
Jane_20200929BN_BN_09292020_983_34,21.5,9
Jane_20200929BN_BN_09292020_983_37,4.5,9
Jane_20200929BN_BN_09292020_983_40,1.1,9
Jane_20200929BN_BN_09292020_983_49,2.9,9
Jane_20200929BN_BN_09292020_983_55,10.0,9
Jane_20200929BN_BN_09292020_983_59,14.6,9
Jane_20200929BN_BN_09292020_983_63,21.9,9
Jane_20200929BN_BN_09292020_983_79,8.2,9
Jane_20200929BN_BN_09292020_983_81,8.3,9
Jane_20200929BN_BN_09292020_983_87,2.5,9
Jane_20200929BN_BN_09292020_983_91,11.5,9
Jane_20200929BN_BN_09292020_983_95,18.7,9
Jane_20200929BN_BN_20200929_975_chip1_10,22.2,9
Jane_20200929BN_BN_20200929_975_chip1_18,2.7,9
Jane_20200929BN_BN_20200929_975_chip1_29,1.7,9
Jane_20200929BN_BN_20200929_975_chip1_33,9.3,9
Jane_20200929BN_BN_20200929_975_chip1_36,23.8,9
Jane_20200929BN_BN_20200929_975_chip1_40,7.4,9
Jane_20200929BN_BN_20200929_975_chip1_42,19.0,9
Jane_20200929BN_BN_20200929_975_chip1_47,10.0,9
Jane_20200929BN_BN_20200929_975_chip1_51,1.5,9
Jane_20200929BN_BN_20200929_975_chip1_54,9.5,9
Jane_20200929BN_BN_20200929_975_chip1_58,7.9,9
Jane_20201002_BN_Captured,19.7,11
Jane_20201002_BN_chip3_01_100x,27.7,9
Jane_20201002_BN_chip3_03_100x,2.6,9
Jane_20201002_BN_chip3_05_100x,17.8,9
Jane_20201002_BN_chip4_01_100x,14.2,9
Jane_20201002_BN_chip4_02_100x,11.3,9
Jane_20201002_BN_chip7_01_100x,29.4,9
Jane_20201002_BN_chip8_01_100x,4.7,9
Jane_20201002_BN_chip8_02_100x,18.5,9
Jane_20201011_BN_3_TR_28,9.1,9
Jane_20201011_BN_3_TR_32,27.0,9
Jane_20201011_BN_3_TR_36,29.0,9
Jane_20201011_BN_3_TR_40,20.3,9
Jane_20201011_BN_3_TR_49,5.0,9
Jane_20201011_BN_3_TR_54,20.3,9
Jane_20201011_BN_3_TR_57,12.7,9
Jane_20201011_BN_3_TR_60,27.5,9
Jane_20201011_BN_3_TR_63,0.4,9
Jane_20201011_BN_3_TR_71,27.6,9
Jane_20201011_BN_3_TR_74,21.3,9
Jane_20201011_BN_3_TR_78,15.8,9
Jane_20201011_BN_3_TR_86,16.3,9
Jane_20201011_BN_3_TR_90,1.2,9
Jane_20201011_BN_3_TR_96,5.0,9
Jane_20201015_BN_chip2_01_100x,11.4,9
Jane_20201015_BN_chip3_01_100x,9.8,9
Jane_B223_BN223_01_100x,25.9,9
Jane_BN101_BN_043,20.8,9
Jane_BN101_BN_046,26.6,9
Jane_BN101_BN_049,1.7,9
Jane_BN101_BN_053,15.0,9
Jane_BN1025_53,10.6,9
Jane_BN1025_58,1.0,9
Jane_BN1025_62,27.6,9
Jane_BN1025_64,4.7,9
Jane_BN1025_68,16.0,9
Jane_BN1025_77,13.3,9
Jane_BN1025_84,4.9,9
Jane_BN1025_86,24.9,9
Jane_BN1025_89,5.1,9
Jane_BN1025_95,18.0,9
Jane_BN1025_97,20.5,9
Jane_BN102_BN_069,2.0,9
Jane_BN102_BN_071,11.7,9
Jane_BN102_BN_073,14.4,9
Jane_BN102_BN_076,1.0,9
Jane_BN102_BN_080,25.7,9
Jane_BN102_BN_083,12.1,9
Jane_BN102_BN_087,17.5,9
Jane_BN102_BN_091,27.1,9
Jane_BN102_BN_095,27.1,9
Jane_BN102_BN_101,12.4,9
Jane_BN102_BN_103,14.7,9
Jane_BN102_BN_108,3.0,9
Jane_BN102_BN_110,17.1,9
Jane_BN102_BN_112,5.0,9
Jane_BN102_BN_114,28.1,9
Jane_BN102_BN_116,11.4,9
Jane_BN103_BN103_01_100x,18.0,9
Jane_BN104_BN104_01_100x,17.9,9
Jane_BN105_BN_064,13.3,9
Jane_BN106_BN106_01_100x,26.1,9
Jane_BN109_BN109_01_100x,14.1,9
Jane_BN109_BN109_02_100x,0.3,9
Jane_BN1106_07,20.2,9
Jane_BN1106_20,24.9,9
Jane_BN1106_25,2.8,9
Jane_BN1106_30,20.7,9
Jane_BN1106_37,28.1,9
Jane_BN1106_40,14.7,9
Jane_BN1106_46,28.9,9
Jane_BN1106_52,2.2,9
Jane_BN1106_55,4.6,9
Jane_BN1106_61,4.2,9
Jane_BN1106_chip4_33,27.9,9
Jane_BN1106_chip4_36,22.4,9
Jane_BN1106_chip4_38,25.8,9
Jane_BN1106_chip4_41,3.4,9
Jane_BN1106_chip4_43,9.5,9
Jane_BN1106_chip4_50,15.0,9
Jane_BN110_BN_17,22.0,9
Jane_BN110_BN_19,14.3,9
Jane_BN1127_02,24.7,9
Jane_BN1127_09,10.2,9
Jane_BN1127_12,22.0,9
Jane_BN1127_28,14.9,9
Jane_BN1127_32,4.2,9
Jane_BN112_BN112_01_100x,11.7,9
Jane_BN113_BN113_03_100x,9.3,9
Jane_BN113_BN113_04_100x,11.2,9
Jane_BN113_BN113_05_100x,16.3,9
Jane_BN201_BN201_01_100x,11.8,9
Jane_BN201_BN201_02_100x,0.6,9
Jane_BN202_B202_01_100x,11.8,9
Jane_BN203_BN203_01_100x,4.8,9
Jane_BN203_BN203_02_100x,23.1,9
Jane_BN203_BN203_03_100x,3.3,9
Jane_BN204_BN204_01_100x,11.6,9
Jane_BN204_BN204_02_100x,22.2,9
Jane_BN206_BN206_01_100x,26.7,9
Jane_BN208_BN_24,18.1,9
Jane_BN208_BN_28,14.0,9
Jane_BN210_BN_37,25.9,9
Jane_BN210_BN_39,8.9,9
Jane_BN210_BN_43,6.9,9
Jane_BN212_BN_05,6.6,9
Jane_BN212_BN_07,22.0,9
Jane_BN212_BN_10,0.6,9
Jane_BN212_BN_16,16.1,9
Jane_BN212_BN_19,25.6,9
Jane_BN212_BN_22,12.8,9
Jane_BN212_BN_25,11.4,9
Jane_BN212_BN_35,24.8,9
Jane_BN213_BN213_01_100x,1.7,9
Jane_BN213_BN213_02_100x,11.8,9
Jane_BN213_BN213_04_100x,23.1,9
Jane_BN214_BN214_01_100x,20.2,9
Jane_BN214_BN214_02_100x,4.2,9
Jane_BN214_BN214_03_100x,17.9,9
Jane_BN214_BN214_04_100x,12.6,9
Jane_BN214_BN214_05_100x,8.4,9
Jane_BN214_BN214_06_100x,20.2,9
Jane_BN215_BN_101,9.9,9
Jane_BN215_BN_104,4.3,9
Jane_BN215_BN_108,10.6,9
Jane_BN215_BN_111,23.8,9
Jane_BN215_BN_114,28.9,9
Jane_BN215_BN_117,16.5,9
Jane_BN215_BN_121,1.3,9
Jane_BN215_BN_124,20.8,9
Jane_BN215_BN_85,8.4,9
Jane_BN215_BN_88,7.3,9
Jane_BN215_BN_89,17.7,9
Jane_BN215_BN_92,11.8,9
Jane_BN215_BN_95,6.3,9
Jane_BN216_BN_128,19.0,9
Jane_BN216_BN_130,24.8,9
Jane_BN216_BN_140,22.2,9
Jane_BN216_BN_142,24.5,9
Jane_BN216_BN_145,11.7,9
Jane_BN216_BN_148,5.1,9
Jane_BN216_BN_154,6.0,9
Jane_BN216_BN_157,6.0,9
Jane_BN216_BN_160,16.3,9
Jane_BN216_BN_164,3.0,9
Jane_BN216_BN_172,23.4,9
Jane_BN216_BN_174,9.4,9
Jane_BN216_BN_181,24.2,9
Jane_BN216_BN_184,0.9,9
Jane_BN216_BN_187,19.3,9
Jane_BN216_BN_191,8.6,9
Jane_BN216_BN_194,11.1,9
Jane_BN216_BN_197,12.8,9
Jane_BN217_BN217_01_100x,16.8,9
Jane_BN218_BN218_02_100x,6.5,9
Jane_BN218_BN218_03_100x,23.2,9
Jane_BN218_BN218_04_100x,24.8,9
Jane_BN218_BN218_05_100x,15.6,9
Jane_BN218_BN218_07_100x,6.9,9
Jane_BN219_BN219_01_100x,5.8,9
Jane_BN219_BN219_02_100x,13.3,9
Jane_BN219_BN219_02_20x,13.7,9
Jane_BN219_BN219_03_100x,21.1,9
Jane_BN219_BN219_04_100x,29.1,9
Jane_BN219_BN219_05_100x,3.3,9
Jane_BN219_BN219_06_100x,24.4,9
Jane_BN221_BN221_01_100x,20.8,9
Jane_BN221_BN221_02_100x,3.5,9
Jane_BN222_BN222_01_100x,10.0,9
Jane_BN225_BN225_02_100x,29.8,9
Jane_BN226_BN226_02_100x,15.1,9
Jane_BN227_BN227_01_100x,15.5,9
Jane_BN227_BN227_03_100x,21.2,9
Jane_BN229_B229_01_100x,16.7,9
Jane_BN229_B229_03_50x,18.2,9
Jane_BN229_B229_04_100x,12.4,9
Jane_BN230_BN230_01_100x,2.9,9
Jane_BN231_bn_001,7.5,9
Jane_BN231_bn_004,6.8,9
Jane_BN231_bn_007,19.1,9
Jane_BN231_bn_010,17.5,9
Jane_BN231_bn_014,7.0,9
Jane_BN231_bn_016,12.8,9
Jane_BN231_bn_023,12.4,9
Jane_BN231_bn_029,28.3,9
Jane_BN231_bn_032,6.2,9
Jane_BN231_bn_037,29.1,9
Jane_BN231_bn_039,5.2,9
Jane_BN231_bn_041,2.3,9
Jane_BN231_bn_047,25.7,9
Jane_BN231_bn_050,18.1,9
Jane_BN231_bn_052,4.9,9
Jane_BN231_bn_055,14.6,9
Jane_BN232_BN232_01_100x,24.8,9
Jane_BN232_BN232_02_100x,17.6,9
Jane_BN232_BN232_03_100x,30.0,9
Jane_BN232_BN232_05_100x,8.9,9
Jane_BN301_BN_08,10.0,9
Jane_BN302_BN_12,14.2,9
Jane_BN303_BN_20,2.6,9
Jane_BN304_BN_24,12.9,9
Jane_BN305_BN_29,19.5,9
Jane_BN305_BN_33,24.7,9
Jane_BN306_BN_44,8.0,9
Jane_BN306_BN_47,24.8,9
Jane_BN307_BN_52,7.8,9
Jane_BN309_BN_01,14.4,9
Jane_BN309_BN_04,21.0,9
Jane_BN309_BN_07,29.3,9
Jane_BN309_BN_10,26.4,9
Jane_BN309_BN_13,6.3,9
Jane_BN311_BN_19,15.1,9
Jane_BN312_BN_23,22.3,9
Jane_BN312_BN_26,15.5,9
Jane_BN312_BN_28,22.5,9
Jane_BN312_BN_31,20.4,9
Jane_BN312_BN_34,4.1,9
Jane_BN312_BN_38,5.6,9
Jane_BN315_BN_01,11.6,9
Jane_BN315_BN_02,4.7,9
Jane_BN315_BN_05,17.5,9
Jane_BN315_BN_08,16.7,9
Jane_BN315_BN_11,2.8,9
Jane_BN315_BN_14,15.8,9
Jane_BN315_BN_17,10.3,9
Jane_BN316_BN_22,8.2,9
Jane_BN316_BN_24,26.3,9
Jane_BN317_BN_28,0.2,9
Jane_BN317_BN_30,27.7,9
Jane_BN317_BN_33,27.0,9
Jane_BN317_BN_36,12.9,9
Jane_BN319_BN_43,28.5,9
Jane_BN319_BN_46,6.0,9
Jane_BN319_BN_49,26.8,9
Jane_BN319_BN_52,9.3,9
Jane_BN320_BN_56,18.3,9
Jane_BN320_BN_57,6.9,9
Jane_BN320_BN_60,10.2,9
Jane_BN320_BN_63,21.1,9
Jane_BN320_BN_64,0.8,9
Jane_BN320_BN_66,2.9,9
Jane_BN321_bn_01,22.9,9
Jane_BN321_bn_04,6.1,9
Jane_BN321_bn_05,28.0,9
Jane_BN321_bn_08,21.1,9
Jane_BN321_bn_15,1.1,9
Jane_BN321_bn_18,14.6,9
Jane_BN321_bn_19,13.0,9
Jane_BN322_bn_28,27.0,9
Jane_BN322_bn_31,25.6,9
Jane_BN322_bn_33,16.1,9
Jane_BN322_bn_35,13.4,9
Jane_BN322_bn_39,24.4,9
Jane_BN322_bn_42,23.7,9
Jane_BN322_bn_45,17.4,9
Jane_BN322_bn_48,1.5,9
Jane_BN322_bn_52,12.6,9
Jane_BN322_bn_55,2.6,9
Jane_BN323_bn_01,9.5,9
Jane_BN323_bn_04,26.1,9
Jane_BN323_bn_07,12.2,9
Jane_BN323_bn_09,26.7,9
Jane_BN324_bn_13,17.9,9
Jane_BN325_bn_19,22.4,9
Jane_BN325_bn_23,19.6,9
Jane_BN326_bn_25,19.6,9
Jane_BN327_bn_31,28.2,9
Jane_BN328_hBN_01,12.5,9
Jane_BN328_hBN_06,19.6,9
Jane_BN328_hBN_08,20.5,9
Jane_BN328_hBN_10,3.0,9
Jane_BN328_hBN_12,8.1,9
Jane_BN328_hBN_14,8.1,9
Jane_BN328_hBN_19,24.4,9
Jane_BN328_hBN_21,12.1,9
Jane_BN328_hBN_23,24.3,9
Jane_BN328_hBN_28,23.3,9
Jane_BN329_hBN_31,3.4,9
Jane_BN329_hBN_35,5.2,9
Jane_BN329_hBN_38,6.1,9
Jane_BN330_hBN_43,8.4,9
Jane_BN330_hBN_47,3.2,9
Jane_BN330_hBN_63,11.7,9
Jane_BN330_hBN_75,2.5,9
Jane_BN333_BN_03,1.5,9
Jane_BN333_BN_05,7.1,9
Jane_BN334_BN_13,12.9,9
Jane_BN335_BN_17,21.7,9
Jane_BN336_BN_24,17.9,9
Jane_BN701_BN_02,18.9,9
Jane_BN701_BN_03,20.9,9
Jane_BN702_BN_08,12.2,9
Jane_BN702_BN_10,5.4,9
Jane_BN703_BN703_02_100x,9.0,9
Jane_BN703_BN703_03_100x,17.2,9
Jane_BN703_BN703_04_100x,10.7,9
Jane_BN703_BN703_05_100x,16.5,9
Jane_BN703_BN703_06_100x,0.9,9
Jane_BN703_BN703_07_100x,11.3,9
Jane_BN703_BN703_08_100x,10.1,9
Jane_BN704_BN704_03_100x,3.6,9
Jane_BN705_BN705_01_100x,21.4,9
Jane_BN706_BN706_01_100x,11.3,9
Jane_BN706_BN706_02_100x,6.4,9
Jane_BN706_BN706_04_100x,20.1,9
Jane_BN707_BN707_01_100x,1.7,9
Jane_BN708_BN708_02_100x,21.3,9
Jane_BN709_bn_48,21.4,9
Jane_BN709_bn_53,29.0,9
Jane_BN710_bn_60,11.9,9
Jane_BN710_bn_62,13.0,9
Jane_BN711_bn_67,3.8,9
Jane_BN713_BN713_01_100x,10.1,9
Jane_BN713_BN713_02_100x,22.0,9
Jane_BN714_BN714_01_100x,9.7,9
Jane_BN715_BN715_01_100x,19.7,9
Jane_BN715_BN715_02_100x,25.9,9
Jane_BN716_BN716_01_100x,17.2,9
Jane_BN717_BN717_01_100x,6.3,9
Jane_BN718_BN718_02_100x,10.1,9
Jane_BN718_BN718_03_100x,4.5,9
Jane_BN719_BN719_01_100x,10.0,9
Jane_BN720_BN720_01_100x,27.6,9
Jane_BN721_BN721_01_100x,6.6,9
Jane_BN722_BN722_01_100x,22.0,9
Jane_BN722_BN722_02_100x,28.4,9
Jane_BN722_BN722_04_100x,23.2,9
Jane_BN722_BN722_05_50x,24.6,9
Jane_bns_105,24.5,9
Jane_bns_109,9.1,9
Jane_bns_112,5.0,9
Jane_bns_113,29.9,9
Jane_bns_116,1.0,9
Jane_bns_118,4.2,9
Jane_bns_119,2.1,9
Jane_bns_122,25.2,9
Jane_bns_124,0.4,9
Jane_bns_127,29.3,9
Jane_bns_130,2.4,9
Jane_bns_133,11.0,9
Jane_bns_136,5.5,9
Jane_bns_139,26.7,9
Jane_BN_101,6.0,9
Jane_BN_107,7.4,9
Jane_BN_117,10.9,9
Jane_BN_20,1.3,9
Jane_BN_22,14.0,9
Jane_BN_25,24.5,9
Jane_BN_28,24.8,9
Jane_BN_31,17.5,9
Jane_BN_34,25.3,9
Jane_BN_37,3.7,9
Jane_BN_40,13.2,9
Jane_BN_43,27.2,9
Jane_BN_57,1.1,9
Jane_BN_60,16.7,9
Jane_BN_63,26.3,9
Jane_BN_65,29.5,9
Jane_BN_68,18.8,9
Jane_BN_71,20.4,9
Jane_bn_75,9.5,9
Jane_BN_82,25.7,9
Jane_BN_92,21.9,9
Jane_BN_95,19.6,9
Jane_BN_98,28.0,9
Jane_CHIP10,26.7,9
Jane_chip7 from here,7.3,9
Jane_Ggate_02,8.7,9
Jane_Ggate_04,21.4,9
Jane_hbn1106c34_13,28.2,9
Jane_hbn1106c34_19,9.5,9
Jane_hbn1106c34_22,29.9,9
Jane_hbn1106c34_31,13.0,9
Jane_hbn1106c34_36,15.8,9
Jane_hbn1106c34_42,7.7,9
Jane_hbn1106c34_44,18.5,9
Jane_hbn1106c34_47,20.5,9
Jane_hbn1106c34_56,3.1,9
Jane_hbn_1005tape_exf_059,12.4,9
Jane_hbn_1005tape_exf_068,10.1,9
Jane_hbn_1005tape_exf_072,12.6,9
Jane_hbn_1005tape_exf_076,2.4,9
Jane_hbn_1005tape_exf_082,1.9,9
Jane_hbn_1005tape_exf_085,20.7,9
Jane_hbn_1005tape_exf_100,20.1,9
Jane_hbn_1005tape_exf_105,5.4,9
Jane_hbn_1005tape_exf_108,20.5,9
Jane_hbn_1005tape_exf_110,16.7,9
Jane_hbn_1009tape_exf_027,10.8,9
Jane_hbn_1009tape_exf_030,27.2,9
Jane_hbn_1009tape_exf_037,18.1,9
Jane_hbn_1009tape_exf_042,4.2,9
Jane_hbn_1009tape_exf_048,18.0,9
Jane_hbn_1009tape_exf_05,5.2,9
Jane_hbn_1009tape_exf_051,14.0,9
Jane_hbn_1009tape_exf_07,0.3,9
Jane_hbn_1009tape_exf_10,18.8,9
Jane_hbn_1009tape_exf_13,25.1,9
Jane_hbn_1009tape_exf_16,28.0,9
Jane_hBN_20200208__27,1.5,9
Jane_hBN_20200208__37,27.0,9
Jane_hBN_65,15.7,9
Jane_hBN_84,22.3,9
Jane_hBN_90,11.6,9
Jane_hBN_94,9.3,9
Jane_hBN_all_11,14.7,9
Jane_hBN_all_13,23.9,9
Jane_hBN_all_21,29.9,9
Jane_hBN_all_27,25.9,9
Jane_hBN_all_32,25.3,9
Jane_hBN_all_36,21.1,9
Jane_hBN_all_39,26.6,9
Jane_hBN_all_41,15.6,9
Jane_hbn__07,14.9,9
Jane_past_0912hBN_001,27.2,9
Jane_past_0912hBN_008,25.8,9
Jane_past_0912hBN_030,2.0,9
Jane_past_0912hBN_034,19.5,9
Jane_past_20190129_hBN_1_002,17.0,9
Jane_past_20190129_hBN_1_006,6.1,9
Jane_past_20190129_hBN_1_013,16.1,9
Jane_past_20190129_hBN_1_016,15.9,9
Jane_past_20190129_hBN_1_018,4.1,9
Jane_past_20190129_hBN_1_024,15.8,9
Jane_past_20190129_hBN_2_002,28.6,9
Jane_past_20190129_hBN_2_005,23.5,9
Jane_past_20190129_hBN_3_009,9.3,9
Jane_past_20190129_hBN_3_012,8.9,9
Jane_past_20190129_hBN_3_015,16.3,9
Jane_past_20190129_hBN_3_018,4.9,9
Jane_past_20190129_hBN_3_021,2.3,9
Jane_past_20190413_hBN_002,4.6,9
Jane_past_20190413_hBN_008,12.3,9
Jane_past_20190413_hBN_011,0.1,9
Jane_past_20190413_hBN_015,13.1,9
Jane_past_20190714HBN_CHIP1_004,18.2,9
Jane_past_20190714HBN_CHIP1_006,20.9,9
Jane_past_20190714HBN_CHIP1_007,10.1,9
Jane_past_20190714HBN_CHIP1_009,29.6,9
Jane_past_20190714HBN_CHIP1_012,27.5,9
Jane_past_20190714HBN_CHIP3_002,9.2,9
Jane_past_20190714HBN_CHIP3_005,10.6,9
Jane_past_20190714HBN_CHIP3_008,2.8,9
Jane_past_20190714HBN_CHIP3_011,0.2,9
Jane_past_20190714HBN_CHIP3_013,2.5,9
Jane_past_20190714HBN_CHIP3_016,7.5,9
Jane_past_20190714HBN_CHIP4_002,20.1,9
Jane_past_20190714HBN_CHIP4_006,23.6,9
Jane_past_20190714HBN_CHIP4_007,9.6,9
Jane_past_20190714HBN_CHIP4_010,5.2,9
Jane_past_20190714HBN_CHIP4_016,11.9,9
Jane_past_20190714HBN_CHIP4_019,15.0,9
Jane_past_20190714HBN_CHIP4_022,4.9,9
Jane_past_20190714HBN_CHIP5_003,9.0,9
Jane_past_20190714HBN_CHIP6_007,15.9,9
Jane_past_20190714HBN_CHIP6_010,20.7,9
Jane_past_20190718_chip1_005,2.5,9
Jane_past_20190718_chip1_007,16.5,9
Jane_past_20190718_chip1_010,12.2,9
Jane_past_20190718_chip1_015,21.7,9
Jane_past_20190718_chip1_017,10.8,9
Jane_past_20190718_hBN_chip1_002,22.1,9
Jane_past_20190718_hBN_chip1_007,0.3,9
Jane_past_20190722_hbn_chip5_100,18.6,9
Jane_past_20190722_hbn_chip5_53,14.7,9
Jane_past_20190722_hbn_chip5_56,6.5,9
Jane_past_20190722_hbn_chip5_59,17.1,9
Jane_past_20190722_hbn_chip5_64,16.6,9
Jane_past_20190722_hbn_chip5_70,17.3,9
Jane_past_20190722_hbn_chip5_73,3.6,9
Jane_past_20190722_hbn_chip5_79,7.5,9
Jane_past_20190722_hbn_chip5_81,10.3,9
Jane_past_20190722_hbn_chip5_85,26.9,9
Jane_past_20190722_hbn_chip5_89,27.1,9
Jane_past_20190722_hbn_chip5_93,29.0,9
Jane_past_20190722_hbn_chip5_96,15.3,9
Jane_past_20190726hBN_chip1_02,27.3,9
Jane_past_20190726hBN_chip1_06,6.3,9
Jane_past_20190726hBN_chip1_09,5.8,9
Jane_past_20190726hBN_chip1_14,16.3,9
Jane_past_20190726hBN_chip1_19,6.0,9
Jane_past_20190726hBN_chip1_21,19.5,9
Jane_past_20190726hBN_chip1_24,0.1,9
Jane_past_20190726hBN_chip1_28,22.7,9
Jane_past_20190726hbn_chip2_06,1.9,9
Jane_past_20190726hbn_chip2_09,3.2,9
Jane_past_20190726hbn_chip2_12,8.8,9
Jane_past_20190726hbn_chip2_16,14.0,9
Jane_past_20190726hbn_chip2_19,9.7,9
Jane_past_20190726hbn_chip2_25,21.1,9
Jane_past_20190726hbn_chip2_27,24.9,9
Jane_past_20190726hbn_chip2_29,18.5,9
Jane_past_20190726hbn_chip2_32,9.6,9
Jane_past_20190726Hbn_CHIP4_001,2.9,9
Jane_past_20190726Hbn_CHIP4_007,28.5,9
Jane_past_20190726Hbn_CHIP4_010,23.3,9
Jane_past_20190726Hbn_CHIP4_015,26.7,9
Jane_past_20190726hBN_chip5_04,23.4,9
Jane_past_20190726_chip5_cont_02,20.9,9
Jane_past_20190726_chip5_cont_04,5.8,9
Jane_past_20190726_chip5_cont_07,26.9,9
Jane_past_20190726_chip5_cont_08,25.1,9
Jane_past_20190726_chip5_cont_11,6.6,9
Jane_past_20190824hBN_chip1_01,27.7,9
Jane_past_20190824hBN_chip1_08,18.1,9
Jane_past_20190824hBN_chip1_12,16.8,9
Jane_past_20190824hBN_chip1_16,4.6,9
Jane_past_20190824hBN_chip1_20,23.5,9
Jane_past_20190824hBN_chip1_24,25.3,9
Jane_past_20190824hBN_chip2_02,21.2,9
Jane_past_20190824hBN_chip2_11,2.6,9
Jane_past_20190824hBN_chip2_17,3.9,9
Jane_past_20190824hBN_chip2_19,0.7,9
Jane_past_20190824hBN_chip2_23,19.8,9
Jane_past_20190824hBN_chip2_27,14.1,9
Jane_past_20190824hBN_chip2_33,10.6,9
Jane_past_20190824hBN_chip4_01,15.7,9
Jane_past_20190824hBN_chip4_04,21.8,9
Jane_past_20190824hBN_chip4_09,22.5,9
Jane_past_20190824hBN_chip5_05,1.0,9
Jane_past_20190824hBN_chip5_13,0.9,9
Jane_past_20190824hBN_chip5_16,0.1,9
Jane_past_20190824hBN_chip5_19,0.6,9
Jane_past_20190824hBN_chip5_22,29.8,9
Jane_past_20190824hBN_chip5_28,21.6,9
Jane_past_20190824hBN_chip6_02,27.7,9
Jane_past_20190824hBN_chip6_05,0.2,9
Jane_past_20190824hBN_chip6_08,16.3,9
Jane_past_20190824hBN_chip6_11,24.8,9
Jane_past_20190824hBN_chip6_14,17.7,9
Jane_past_20190824hBN_chip6_17,18.4,9
Jane_past_20190824hBN_chip6_26,15.9,9
Jane_past_20190824hBN_chip7_001,12.6,9
Jane_past_20190824hBN_chip7_010,16.7,9
Jane_past_20190824hBN_chip7_013,11.6,9
Jane_past_20190824hBN_chip7_016,15.7,9
Jane_past_20190824hBN_chip7_023,6.6,9
Jane_past_20190824hBN_chip7_026,25.7,9
Jane_past_20190824hBN_chip8_037,19.6,9
Jane_past_20190824hBN_chip8_040,28.9,9
Jane_past_20190824hBN_chip8_046,9.7,9
Jane_past_20190824hBN_chip8_049,20.7,9
Jane_past_20190824hBN_chip8_055,15.4,9
Jane_past_20190824hBN_chip8_063,6.8,9
Jane_past_20190824_hBN_chip1_01,28.0,9
Jane_past_20190824_hBN_chip1_06,1.5,9
Jane_past_20190824_hBN_chip1_11,25.4,9
Jane_past_20190824_hBN_chip1_20,15.6,9
Jane_past_20190824_hBN_chip1_23,8.8,9
Jane_past_20190824_hBN_chip1_26,25.1,9
Jane_past_20190824_hBN_chip1_29,13.6,9
Jane_past_20190824_hBN_chip1_32,7.1,9
Jane_past_20190824_hBN_chip1_35,21.3,9
Jane_past_20190824_hBN_chip1_38,18.6,9
Jane_past_20190911hBN_08,17.0,9
Jane_past_20190911hBN_11,4.3,9
Jane_past_20190911hBN_14,19.7,9
Jane_past_20190911hBN_32,11.5,9
Jane_past_20190911hBN_38,12.0,9
Jane_past_20200109BN_026,2.8,9
Jane_past_20200109hBNCHIP7!!,9.0,9
Jane_past_20200109hBNchip_24,17.3,9
Jane_past_20200109hBNchip_30,25.2,9
Jane_past_20200109hBNchip_34,11.4,9
Jane_past_20200118BN_20,7.0,9
Jane_past_20200118_thinBN__008,18.4,9
Jane_past_20200118_thinBN__012,7.8,9
Jane_past_20200118_thinBN__025,14.8,9
Jane_past_20200120_thinBN_01,11.7,9
Jane_past_20200120_thinBN_08,4.3,9
Jane_past_20200122hBN__58,4.6,9
Jane_past_20200208hBNc_01,13.9,9
Jane_past_20200208hBNc_05,24.6,9
Jane_past_20200208hBNc_08,11.9,9
Jane_past_20200208hBN_10,9.7,9
Jane_past_20200208hBN_14,6.9,9
Jane_past_20200208hBN_17,18.9,9
Jane_past_20200208hBN_42,4.8,9
Jane_past_BN0208chip3_10,12.6,9
Jane_past_BN1025_80,1.6,9
Jane_past_BN1106_11,18.7,9
Jane_past_BN1106_17,18.4,9
Jane_past_BN1106_33,21.4,9
Jane_past_BN1106_chip4_30,25.9,9
Jane_past_BN1106_chip4_46,12.0,9
Jane_past_BN1106_chip4_53,26.9,9
Jane_past_BN_104,29.6,9
Jane_past_BN_86,15.0,9
Jane_past_BN_89,14.7,9
Jane_past_chip3_175,25.4,9
Jane_past_chip3_181,22.9,9
Jane_past_chip3_184,21.8,9
Jane_past_hbn1106c34_01,29.4,9
Jane_past_hbn1106c34_06,25.2,9
Jane_past_hbn1106c34_52,14.8,9
Jane_past_hbn1109_002,18.8,9
Jane_past_hbn1109_007,8.8,9
Jane_past_hbn1109_011,0.9,9
Jane_past_hbn1109_018,19.4,9
Jane_past_hbn1109_020,29.1,9
Jane_past_hbn1109_024,13.4,9
Jane_past_hbn1109_027,8.5,9
Jane_past_hbn1109_030,11.2,9
Jane_past_hbn_0716_chip2__12,0.9,9
Jane_past_hbn_0716_chip2__13,13.0,9
Jane_past_hbn_0716_chip2__17,22.0,9
Jane_past_hbn_0716_chip2__21,5.1,9
Jane_past_hbn_0716_chip2__25,10.7,9
Jane_past_hbn_0716_chip2__26,26.7,9
Jane_past_hbn_0716_chip2__30,0.3,9
Jane_past_hbn_0716_chip2__34,26.7,9
Jane_past_hbn_0716_chip2__46,15.9,9
Jane_past_hbn_1005tape_exf_062,14.7,9
Jane_past_hbn_1005tape_exf_065,7.1,9
Jane_past_hbn_1005tape_exf_078,1.9,9
Jane_past_hbn_1005tape_exf_080,15.7,9
Jane_past_hbn_1005tape_exf_091,10.5,9
Jane_past_hbn_1005tape_exf_116,15.4,9
Jane_past_hBN_20200208__31,29.5,9
Jane_past_hBN_20200208__34,13.0,9
Jane_past_hBN_all_17,2.8,9
Jane_past_hBN_all_44,9.4,9
Jane_past_TMP470F,2.0,9
LX_20200224_BN_BN_06,5.1,9
LX_20210115_BN_BN_02,25.7,9
LX_20210115_BN_BN_06,9.9,9
LX_20210115_BN_BN_11,14.8,9
LX_20210115_BN_BN_14,16.7,9
LX_20210115_BN_BN_19,17.2,9
LX_20210115_BN_BN_23,6.0,9
LX_20210115_BN_BN_27,16.6,9
LX_20210115_BN_BN_31,18.1,9
LX_20210115_BN_BN_38,3.4,9
LX_20210115_BN_BN_47,9.8,9
LX_20210115_BN_BN_50,26.5,9
LX_20210115_BN_BN_54,11.1,9
LX_20210322_BN_BN_02,8.7,9
LX_20210322_BN_BN_06,17.1,9
LX_20210407_BN_BN_02,26.6,9
LX_20210407_BN_BN_07,19.6,9
LX_20210407_BN_BN_10,15.6,9
LX_20210407_BN_BN_102,27.2,9
LX_20210407_BN_BN_107,18.3,9
LX_20210407_BN_BN_111,21.5,9
LX_20210407_BN_BN_114,7.2,9
LX_20210407_BN_BN_118,18.5,9
LX_20210407_BN_BN_123,2.5,9
LX_20210407_BN_BN_130,29.1,9
LX_20210407_BN_BN_136,16.0,9
LX_20210407_BN_BN_14,4.0,9
LX_20210407_BN_BN_140,4.8,9
LX_20210407_BN_BN_144,18.2,9
LX_20210407_BN_BN_147,11.6,9
LX_20210407_BN_BN_152,6.0,9
LX_20210407_BN_BN_155,5.6,9
LX_20210407_BN_BN_160,3.1,9
LX_20210407_BN_BN_163,23.5,9
LX_20210407_BN_BN_169,13.5,9
LX_20210407_BN_BN_173,8.8,9
LX_20210407_BN_BN_185,21.2,9
LX_20210407_BN_BN_189,23.6,9
LX_20210407_BN_BN_19,14.3,9
LX_20210407_BN_BN_193,23.2,9
LX_20210407_BN_BN_196,22.7,9
LX_20210407_BN_BN_23,8.1,9
LX_20210407_BN_BN_26,6.3,9
LX_20210407_BN_BN_30,10.4,9
LX_20210407_BN_BN_35,8.2,9
LX_20210407_BN_BN_43,16.0,9
LX_20210407_BN_BN_46,18.9,9
LX_20210407_BN_BN_51,25.2,9
LX_20210407_BN_BN_55,17.8,9
LX_20210407_BN_BN_58,16.6,9
LX_20210407_BN_BN_63,5.9,9
LX_20210407_BN_BN_67,14.3,9
LX_20210407_BN_BN_70,9.9,9
LX_20210407_BN_BN_75,20.6,9
LX_20210407_BN_BN_83,4.6,9
LX_20210407_BN_BN_86,13.0,9
LX_20210407_BN_BN_95,18.9,9
LX_20210407_BN_BN_99,15.4,9
LX_20210607_BN_BN_03,6.4,9
LX_20210607_BN_BN_08,8.1,9
LX_20210607_BN_BN_100,18.3,9
LX_20210607_BN_BN_105,15.5,9
LX_20210607_BN_BN_109,21.3,9
LX_20210607_BN_BN_118,19.5,9
LX_20210607_BN_BN_12,3.1,9
LX_20210607_BN_BN_122,22.4,9
LX_20210607_BN_BN_125,21.1,9
LX_20210607_BN_BN_129_2,13.3,9
LX_20210607_BN_BN_132,2.9,9
LX_20210607_BN_BN_135,0.9,9
LX_20210607_BN_BN_139,24.9,9
LX_20210607_BN_BN_152,15.9,9
LX_20210607_BN_BN_156,27.4,9
LX_20210607_BN_BN_16,20.7,9
LX_20210607_BN_BN_160,29.1,9
LX_20210607_BN_BN_164,21.4,9
LX_20210607_BN_BN_172,5.3,9
LX_20210607_BN_BN_177,22.2,9
LX_20210607_BN_BN_181,16.3,9
LX_20210607_BN_BN_184,27.5,9
LX_20210607_BN_BN_22,13.4,9
LX_20210607_BN_BN_26,12.7,9
LX_20210607_BN_BN_31,27.5,9
LX_20210607_BN_BN_39,15.3,9
LX_20210607_BN_BN_43,15.7,9
LX_20210607_BN_BN_54,8.0,9
LX_20210607_BN_BN_63,27.6,9
LX_20210607_BN_BN_67,0.7,9
LX_20210607_BN_BN_71,19.8,9
LX_20210607_BN_BN_76,14.0,9
LX_20210607_BN_BN_80,20.7,9
LX_20210607_BN_BN_84,28.0,9
LX_20210607_BN_BN_90,26.4,9
LX_20210607_BN_BN_92,3.8,9
LX_20210623_BN_BN_03,18.8,9
LX_20210623_BN_BN_07,4.6,9
Mallika_191016_hBN_hBN_049,25.3,9
Mallika_191016_hBN_hBN_055,4.7,9
Mallika_191016_hBN_hBN_064,19.2,9
Mallika_191016_hBN_hBN_067,5.5,9
Mallika_191016_hBN_hBN_070,20.5,9
Mallika_191016_hBN_hBN_073_USED,9.5,9
Mallika_191016_hBN_hBN_076_USED,9.0,9
Mallika_191016_hBN_hBN__001_USED,15.6,9
Mallika_191016_hBN_hBN__004,6.3,9
Mallika_191016_hBN_hBN__010,0.5,9
Mallika_191016_hBN_hBN__016,12.2,9
Mallika_191016_hBN_hBN__019,13.5,9
Mallika_191016_hBN_hBN__022,26.6,9
Mallika_191016_hBN_hBN__025,28.3,9
Mallika_191016_hBN_hBN__031,12.7,9
Mallika_191016_hBN_hBN__034,25.7,9
Mallika_191016_hBN_hBN__037,8.5,9
Mallika_191016_hBN_hBN__040,22.7,9
Mallika_191016_hBN_hBN__043_USED,8.5,9
Mallika_191025_hBN_BN_01,26.6,9
Mallika_191025_hBN_BN_04,5.2,9
Mallika_191025_hBN_BN_07,17.4,9
Mallika_191025_hBN_BN_10,19.4,9
Mallika_191025_hBN_BN_13,25.0,9
Mallika_191025_hBN_BN_28,17.3,9
Mallika_191025_hBN_BN_34,25.5,9
Mallika_191025_hBN_BN_37,11.7,9
Mallika_191025_hBN_BN_38,21.5,9
Mallika_191025_hBN_BN_47,6.7,9
Mallika_191025_hBN_BN_49,24.8,9
Mallika_191025_hBN_BN_58,19.4,9
Mallika_191025_hBN_BN_61,28.9,9
Mallika_191025_hBN_BN_64,2.0,9
Mallika_191025_hBN_BN_68,0.9,9
Mallika_191025_hBN_BN_74,1.8,9
Mallika_191025_hBN_BN_77,13.1,9
Mallika_191025_hBN_BN_83,24.3,9
Mallika_191025_hBN_BN_86,3.0,9
Mallika_191025_hBN_BN_89,6.9,9
Mallika_191025_hBN_BN_92,2.9,9
Mallika_191029_hBN_BN_076,19.0,9
Mallika_191029_hBN_BN_080,13.5,9
Mallika_191029_hBN_BN_083,14.3,9
Mallika_191029_hBN_BN_089,5.6,9
Mallika_191029_hBN_BN_092_USED,28.7,9
Mallika_191029_hBN_BN_095,25.5,9
Mallika_191029_hBN_BN_098,7.6,9
Mallika_191029_hBN_BN_104,20.6,9
Mallika_191029_hBN_BN_107_Stack3,6.2,9
Mallika_191029_hBN_BN_110_gate01,17.9,9
Mallika_191029_hBN_BN_116,12.4,9
Mallika_191029_hBN_BN_119,17.9,9
Mallika_191029_hBN_BN_122,12.9,9
Mallika_191029_hBN_BN__004,18.1,9
Mallika_191029_hBN_BN__010,21.8,9
Mallika_191029_hBN_BN__013,5.8,9
Mallika_191029_hBN_BN__014,4.6,9
Mallika_191029_hBN_BN__017,13.5,9
Mallika_191029_hBN_BN__018,12.5,9
Mallika_191029_hBN_BN__021,21.6,9
Mallika_191029_hBN_BN__023,24.3,9
Mallika_191029_hBN_BN__026,29.6,9
Mallika_191029_hBN_BN__029,25.5,9
Mallika_191029_hBN_BN__034,7.6,9
Mallika_191029_hBN_BN__046,4.3,9
Mallika_191029_hBN_BN__049,27.4,9
Mallika_191029_hBN_BN__054_USED,15.1,9
Mallika_191029_hBN_BN__058,5.8,9
Mallika_191029_hBN_BN__064,15.9,9
Mallika_191029_hBN_BN__066,8.6,9
Mallika_191029_hBN_BN__072_USED,16.3,9
Mallika_191029_hBN_BN__075,15.2,9
Mallika_191105_hBN_BN__002,27.4,9
Mallika_191105_hBN_BN__005,1.1,9
Mallika_191105_hBN_BN__008,16.1,9
Mallika_191111_hBN_BN_02_failed,17.8,9
Mallika_191111_hBN_BN_05,20.6,9
Mallika_191111_hBN_BN_11,10.4,9
Mallika_191111_hBN_BN_14_used,9.8,9
Mallika_191111_hBN_BN_17_failed,17.8,9
Mallika_191111_hBN_BN_20,4.9,9
Mallika_191111_hBN_BN_23_used,8.1,9
Mallika_191111_hBN_BN_26,24.7,9
Mallika_191111_hBN_BN_29,16.9,9
Mallika_191111_hBN_BN_32,20.3,9
Mallika_191111_hBN_BN_35_failed,14.5,9
Mallika_191116_hBN_BN_002,2.7,9
Mallika_191116_hBN_BN_005,12.1,9
Mallika_191116_hBN_BN_008,11.9,9
Mallika_191116_hBN_BN_011,20.0,9
Mallika_191116_hBN_BN_014_stack006,10.5,9
Mallika_191116_hBN_BN_017,15.6,9
Mallika_191116_hBN_BN_020_stack010,17.3,9
Mallika_191116_hBN_BN_026_failed,6.7,9
Mallika_191116_hBN_BN_032_stack005,18.9,9
Mallika_191116_hBN_BN_035_failed,0.6,9
Mallika_191116_hBN_BN_038_failed,16.4,9
Mallika_191120_hBN_BN_002_used,3.1,9
Mallika_191120_hBN_BN_005,13.8,9
Mallika_191120_hBN_BN_008_failed,16.4,9
Mallika_191120_hBN_BN_011,10.1,9
Mallika_191120_hBN_BN_014_stack005,28.1,9
Mallika_191202_hBN_BN_02_stack008,18.6,9
Mallika_191202_hBN_BN_05_stack009,15.4,9
Mallika_191202_hBN_BN_08,1.4,9
Mallika_191202_hBN_BN_14,6.3,9
Mallika_191202_hBN_BN_17_failed,27.3,9
Mallika_191202_hBN_BN_20_stack011,28.4,9
Mallika_191204_hBN_BN_02,11.4,9
Mallika_191204_hBN_BN_05_gate6,15.2,9
Mallika_191204_hBN_BN_08,10.5,9
Mallika_191204_hBN_BN_11,24.6,9
Mallika_191204_hBN_BN_14,12.4,9
Mallika_191204_hBN_BN_20,18.7,9
Mallika_191204_hBN_BN_23,8.2,9
Mallika_191204_hBN_BN_26_failed,12.4,9
Mallika_191204_hBN_BN_29,27.6,9
Mallika_191204_hBN_BN_32,8.0,9
Mallika_191204_hBN_BN_35,8.7,9
Mallika_191204_hBN_BN_38_failed,9.9,9
Mallika_191204_hBN_BN_41,4.7,9
Mallika_191204_hBN_BN_45,17.4,9
Mallika_191204_hBN_BN_48,12.8,9
Mallika_191204_hBN_hBN_60,10.8,9
Mallika_191204_hBN_hBN_63,10.0,9
Mallika_191204_hBN_hBN_66,19.5,9
Mallika_191209_hBN_hBN_02_used,13.9,9
Mallika_191209_hBN_hBN_05_gate04,12.9,9
Mallika_191209_hBN_hBN_08,8.4,9
Mallika_191209_hBN_hBN_11,9.9,9
Mallika_191209_hBN_hBN_14_gate05,12.1,9
Mallika_191212_hBN_BN_05,19.8,9
Mallika_191219_hBN_BN_02_gate03,17.4,9
Mallika_191219_hBN_BN_05,22.2,9
Mallika_191219_hBN_BN_08,20.7,9
Mallika_191219_hBN_BN_11,19.2,9
Mallika_191219_hBN_BN_14,26.7,9
Mallika_191219_hBN_BN_17,0.9,9
Mallika_191219_hBN_BN_20,11.5,9
Mallika_191219_hBN_BN_23,14.1,9
Mallika_191219_hBN_BN_26_gate08,13.3,9
Mallika_191219_hBN_BN_30,11.9,9
Mallika_191219_hBN_BN_33,27.7,9
Mallika_191219_hBN_BN_36,4.7,9
Mallika_191219_hBN_BN_39,17.8,9
Mallika_200103_hBN_hBN_05,19.6,9
Mallika_200103_hBN_hBN_08,15.1,9
Mallika_200103_hBN_hBN_11,6.2,9
Mallika_200103_hBN_hBN_14,8.1,9
Mallika_200103_hBN_hBN_18,9.7,9
Mallika_200103_hBN_hBN_21,5.0,9
Mallika_200103_hBN_hBN_24,17.7,9
Mallika_200115_hBN_BN_02_used,22.6,9
Mallika_200115_hBN_BN_05_used,13.8,9
Mallika_200115_hBN_BN_08,17.3,9
Mallika_200115_hBN_BN_11,18.2,9
Mallika_200115_hBN_BN_14_failed,27.2,9
Mallika_200115_hBN_BN_16,15.6,9
Mallika_200115_hBN_BN_23,22.6,9
Mallika_200115_hBN_BN_26_failed,26.0,9
Mallika_200115_hBN_BN_29,25.2,9
Mallika_200115_hBN_BN_32,18.3,9
Mallika_200115_hBN_BN_35,20.3,9
Mallika_200115_hBN_BN_38,10.0,9
Mallika_200115_hBN_BN_41_failed,2.9,9
Mallika_200115_hBN_BN_44_failed,19.8,9
Mallika_200115_hBN_BN_47,19.3,9
Mallika_20200213_hBN_BN_003,15.6,9
Mallika_20200213_hBN_BN_006,4.1,9
Mallika_20200213_hBN_BN_013,14.0,9
Mallika_20200213_hBN_BN_016,21.6,9
Mallika_20200213_hBN_BN_019,20.6,9
Mallika_20200213_hBN_BN_022,28.6,9
Mallika_20200213_hBN_BN_025,5.7,9
Mallika_20200213_hBN_BN_031,8.6,9
Mallika_20200929_hBN_BN_02,15.4,9
Mallika_20200929_hBN_BN_06,28.2,9
Mallika_20201001_hBN_BN_02,22.7,9
Mallika_20201005_hBN_BN_02,29.0,9
Mallika_20201005_hBN_BN_06_gate01,2.3,9
Mallika_20201005_hBN_BN_10_gate05,18.7,9
Mallika_20201005_hBN_BN_15_gate02,29.1,9
Mallika_20201005_hBN_BN_18_failedpickup,15.5,9
Mallika_20201005_hBN_BN_21,28.5,9
Mallika_20201005_hBN_BN_24_failed,29.9,9
Mallika_20201005_hBN_BN_28_gate06,17.8,9
Mallika_20201005_hBN_BN_31,19.8,9
Mallika_20201005_hBN_BN_34,16.8,9
Mallika_20201005_hBN_BN_37,8.3,9
Mallika_20201005_hBN_BN_39,14.8,9
Mallika_20201005_hBN_BN_43,6.3,9
Mallika_20201006_hBN_hBN_02,20.3,9
Mallika_20201006_hBN_hBN_07,9.7,9
Mallika_20201006_hBN_hBN_11,27.3,9
Mallika_20201006_hBN_hBN_14,5.6,9
Mallika_20201006_hBN_hBN_19,3.6,9
Mallika_20201006_hBN_hBN_24,16.8,9
Mallika_20201006_hBN_hBN_27,28.5,9
Mallika_20201006_hBN_hBN_30,12.0,9
Mallika_20201006_hBN_hBN_33,25.1,9
Mallika_20201006_hBN_hBN_36,17.5,9
Mallika_20201006_hBN_hBN_39,6.3,9
Mallika_20201006_hBN_hBN_42,23.9,9
Mallika_20201006_hBN_hBN_45,12.7,9
Mallika_20201006_hBN_hBN_48,15.4,9
Mallika_20201006_hBN_hBN_51,0.7,9
Mallika_20201006_hBN_hBN_54,3.6,9
Mallika_20201019_hBN_hBN_02,18.7,9
Mallika_20201019_hBN_hBN_05,24.4,9
Mallika_20201019_hBN_hBN_08,19.9,9
Mallika_20201019_hBN_hBN_102,6.5,9
Mallika_20201019_hBN_hBN_105,27.7,9
Mallika_20201019_hBN_hBN_108_wontpickup,22.8,9
Mallika_20201019_hBN_hBN_111,21.4,9
Mallika_20201019_hBN_hBN_117,8.9,9
Mallika_20201019_hBN_hBN_17,5.7,9
Mallika_20201019_hBN_hBN_20,24.4,9
Mallika_20201019_hBN_hBN_23,9.1,9
Mallika_20201019_hBN_hBN_26,24.5,9
Mallika_20201019_hBN_hBN_29,10.2,9
Mallika_20201019_hBN_hBN_302,17.3,9
Mallika_20201019_hBN_hBN_305,4.1,9
Mallika_20201019_hBN_hBN_311,19.4,9
Mallika_20201019_hBN_hBN_314,29.6,9
Mallika_20201019_hBN_hBN_316,0.4,9
Mallika_20201019_hBN_hBN_32,14.8,9
Mallika_20201019_hBN_hBN_38,6.1,9
Mallika_20201019_hBN_hBN_403,19.2,9
Mallika_20201019_hBN_hBN_412,0.7,9
Mallika_20201019_hBN_hBN_47,7.9,9
Mallika_20201019_hBN_hBN_501,0.9,9
Mallika_20201019_hBN_hBN_504,16.1,9
Mallika_20201019_hBN_hBN_507,13.0,9
Mallika_20201019_hBN_hBN_605,6.5,9
Mallika_20201019_hBN_hBN_608,7.0,9
Mallika_20201019_hBN_hbn_701,0.7,9
Mallika_20201019_hBN_hbn_704,24.2,9
Mallika_20201019_hBN_hbn_707,20.3,9
Mallika_20201019_hBN_hbn_710,2.9,9
Mallika_20201019_hBN_hbn_713,18.4,9
Mallika_20201019_hBN_hbn_801,7.4,9
Mallika_20201019_hBN_hbn_804,29.6,9
Mallika_20201021_hBN_hBN_02,4.0,9
Mallika_20201021_hBN_hBN_05,6.4,9
Mallika_20201021_hBN_hBN_101,21.7,9
Mallika_20201021_hBN_hBN_107,3.8,9
Mallika_20201021_hBN_hBN_110,12.9,9
Mallika_20201021_hBN_hBN_111,13.5,9
Mallika_20201021_hBN_hBN_114,6.9,9
Mallika_20201021_hBN_hBN_117,11.4,9
Mallika_20201021_hBN_hBN_14,10.5,9
Mallika_20201021_hBN_hBN_20,15.3,9
Mallika_20201021_hBN_hBN_29,10.7,9
Mallika_20201021_hBN_hBN_32,24.9,9
Mallika_20201021_hBN_hBN_35,6.1,9
Mallika_20201021_hBN_hBN_38,15.8,9
Mallika_20201021_hBN_hBN_41,12.3,9
Mallika_20210111_hBN_hBN_01,8.3,9
Mallika_20210111_hBN_hBN_11,26.7,9
Mallika_20210111_hBN_hBN_14,20.4,9
Mallika_20210111_hBN_hBN_17,12.8,9
Mallika_20210111_hBN_hBN_20,25.6,9
Mallika_20210111_hBN_hBN_23,21.7,9
Mallika_20210111_hBN_hBN_29,29.7,9
Mallika_20210111_hBN_hBN_32,8.2,9
Mallika_20210111_hBN_hBN_35,16.3,9
Mallika_20210111_hBN_hBN_38,16.3,9
Mallika_20210111_hBN_hBN_41,9.6,9
Mallika_20210111_hBN_hBN_44,13.1,9
Mallika_20210111_hBN_hBN_501,16.8,9
Mallika_20210111_hBN_hBN_504,27.1,9
Mallika_20210111_hBN_hBN_510,26.7,9
Mallika_20210111_hBN_hBN_601,6.4,9
Mallika_20210516_hBN_BN_06,22.8,9
Mallika_20210516_hBN_BN_10,13.7,9
Mallika_20210516_hBN_BN_13,6.8,9
Mallika_20210516_hBN_BN_14,6.9,9
Mallika_20210516_hBN_BN_18,15.7,9
Mallika_20210516_hBN_BN_23,26.9,9
Mallika_20210516_hBN_BN_26_chip4,16.5,9
Mallika_20210516_hBN_BN_30,16.0,9
Mallika_20210516_hBN_BN_33,16.7,9
Mallika_20210516_hBN_BN_36,1.4,9
Mallika_20210516_hBN_BN_39,18.6,9
Mallika_20210516_hBN_BN_43,24.3,9
Mallika_20210516_hBN_BN_46,16.1,9
Mallika_20210516_hBN_BN_49,7.1,9
Mallika_20210524_hBN_hBN_02,18.4,9
Mallika_20210524_hBN_hBN_05,28.0,9
Mallika_20210524_hBN_hBN_09,3.6,9
Mallika_20210524_hBN_hBN_13,0.5,9
Mallika_20210524_hBN_hBN_16,11.2,9
Mallika_20210524_hBN_hBN_19,26.1,9
Mallika_20210524_hBN_hBN_22,19.8,9
Mallika_20210524_hBN_hBN_25,29.6,9
Mallika_20210527_hBN_hBN_02,21.8,9
Mallika_20210527_hBN_hBN_05,3.4,9
Mallika_20210527_hBN_hBN_08,6.2,9
Mallika_20210527_hBN_hBN_11,21.6,9
Mallika_20210527_hBN_hBN_15,24.9,9
Mallika_20210527_hBN_hBN_19,20.3,9
Mallika_20210527_hBN_hBN_22,24.1,9
Mallika_20210601_hBN_hBN_02,12.8,9
Mallika_20210601_hBN_hBN_05,11.2,9
Mallika_20210601_hBN_hBN_11,22.1,9
Natasha_20191209_used__hBN_01,25.1,9
Natasha_20191209_used__hBN_04,5.0,9
Natasha_20191213_box2_03_hBN_01,21.3,9
Natasha_20191213_box2_04_hBN_01,19.6,9
Natasha_20191213_box2_used__02_used__hBN_01,24.2,9
Natasha_20191213_used__box1_used__01_used__,3.8,9
Natasha_20191213_used__box1_used__02_used__hBN_01,26.7,9
Natasha_20191217_02_hBN_01,19.6,9
Natasha_20191226_check_hBN_box1_03_01,12.4,9
Natasha_20191226_check_used__hBN_box1_02_01,5.5,9
Natasha_20191230_check_hBN_box1_01_01,21.4,9
Natasha_20200108_hBN_box1_01_04,29.7,9
Natasha_20200108_hBN_box2_01_01,18.3,9
Natasha_20200108_used__hBN_box1_02_01,21.7,9
Natasha_20200108_used__hBN_box1_02_04,17.5,9
Natasha_20200108_used__hBN_box1_03_01,20.3,9
Natasha_20200108_used__hBN_box1_03_07,17.6,9
Natasha_20200108_used__hBN_box1_04_01,7.2,9
Natasha_20200108_used__hBN_box2_02_01,15.6,9
Natasha_20200108_used__hBN_box2_02_04,27.6,9
Natasha_20200108_used__hBN_box2_03_01,9.9,9
Natasha_20200123_hBN_box1_01_01,25.3,9
Natasha_20200123_hBN_box1_02_01,1.3,9
Natasha_20200124_hBN_05_01,17.7,9
Natasha_20200124_hBN_06_01,19.6,9
Natasha_20200124_hBN_07_01,28.6,9
Natasha_20200124_hBN_07_04,18.5,9
Natasha_20200124_hBN_08_01,10.2,9
Natasha_20200124_hBN_08_04,17.1,9
Natasha_20200124_used__hBN_03_04,7.6,9
Natasha_20200124_used__hBN_04_01,27.3,9
Natasha_20200129_hBN_box1_02_01,21.9,9
Natasha_20200129_hBN_box1_02_10,20.4,9
Natasha_20200129_hBN_box1_04_01,1.6,9
Natasha_20200129_hBN_box1_04_04,25.3,9
Natasha_20200129_hBN_box1_05_01,9.9,9
Natasha_20200129_used_hBN_box1_01_01,29.0,9
Natasha_20200129_used_used__hBN_box1_02_04,1.4,9
Natasha_20200129_used_used__hBN_box1_03_01,26.1,9
Natasha_20200203_hBN_box1_03_07,20.5,9
Natasha_20200203_hBN_box1_05_04,20.3,9
Natasha_20200203_hBN_box2_01_01,14.2,9
Natasha_20200203_hBN_box2_03_04,16.4,9
Natasha_20200203_hBN_box2_04_10,10.7,9
Natasha_20200203_used_used__hBN_box1_01_01,19.9,9
Natasha_20200203_used_used__hBN_box1_01_04,25.7,9
Natasha_20200203_used_used__hBN_box1_03_01,9.6,9
Natasha_20200203_used_used__hBN_box1_03_04,1.8,9
Natasha_20200203_used_used__hBN_box1_03_10,17.1,9
Natasha_20200203_used_used__hBN_box1_04_01,7.2,9
Natasha_20200203_used_used__hBN_box1_04_04,19.4,9
Natasha_20200203_used_used__hBN_box1_05_01,21.9,9
Natasha_20200203_used_used__hBN_box1_05_07,5.4,9
Natasha_20200203_used_used__hBN_box1_06_01,0.0,9
Natasha_20200203_used_used__hBN_box2_02_01,11.0,9
Natasha_20200203_used_used__hBN_box2_02_05,4.0,9
Natasha_20200203_used_used__hBN_box2_03_07,11.6,9
Natasha_20200305_hBN_box1_01_01,29.5,9
Natasha_20200305_hBN_box1_01_04,24.3,9
Natasha_20200305_hBN_box1_02_01,28.2,9
Natasha_20200305_hBN_box1_03_01,11.9,9
Natasha_20200305_hBN_box1_03_04,29.9,9
Natasha_20200305_hBN_box1_04_01,28.0,9
Natasha_20200305_hBN_box1_04_04,22.3,9
Natasha_20200305_hBN_box1_05_01,22.7,9
Natasha_20200305_hBN_box1_05_04,24.5,9
Natasha_20200305_hBN_box2_03_01,3.6,9
Natasha_20200305_hBN_box2_03_04,15.8,9
Natasha_20200305_hBN_box2_04_01,5.3,9
Natasha_20200305_hBN_box2_04_04,26.1,9
Natasha_used__20191113_used__hBN_box1_01_01,13.9,9
Natasha_used__20191115_used__01_used__hBN_07,24.0,9
Natasha_used__20191115_used__02_used__hBN_10,9.6,9
